id_dfdr,id_dataframe,desc,d_type,flap_monitoring,stab_trim_problem
115 VAC STDBY BUS SECT 2,115 VAC STDBY BUS SECT 2,115 VAC STDBY BUS SECT 2,,,
115 VAC XFR BUS 2,115 VAC XFR BUS 2,115 VAC XFR BUS 2,,,
115VAC UNAVAIL TO L IGN 1,115VAC UNAVAIL TO L IGN 1,115VAC UNAVAIL TO L IGN 1,,,
115VAC UNAVAIL TO L IGN 2,115VAC UNAVAIL TO L IGN 2,115VAC UNAVAIL TO L IGN 2,,,
115VAC UNAVAIL TO R IGN 1,115VAC UNAVAIL TO R IGN 1,115VAC UNAVAIL TO R IGN 1,,,
115VAC UNAVAIL TO R IGN 2,115VAC UNAVAIL TO R IGN 2,115VAC UNAVAIL TO R IGN 2,,,
2010 RULE 512 WPS SELECT,2010 RULE 512 WPS SELECT,2010 RULE 512 WPS SELECT,,,
28 VDC BAT BUS SECT 2,28 VDC BAT BUS SECT 2,28 VDC BAT BUS SECT 2,,,
28 VDC BUS 1 SECT 2,28 VDC BUS 1 SECT 2,28 VDC BUS 1 SECT 2,,,
28 VDC BUS 2 SECT 3,28 VDC BUS 2 SECT 3,28 VDC BUS 2 SECT 3,,,
28 VDC HOT BAT BUS,28 VDC HOT BAT BUS,28 VDC HOT BAT BUS,,,
28 VDC STDBY BUS SECT 2,28 VDC STDBY BUS SECT 2,28 VDC STDBY BUS SECT 2,,,
28 VDC SW HOT BAT BUS S 1,28 VDC SW HOT BAT BUS S 1,28 VDC SW HOT BAT BUS S 1,,,
5C/7B ENG MODEL TYPE #1,5C/7B ENG MODEL TYPE #1,5C/7B ENG MODEL TYPE #1,,,
5C/7B ENG MODEL TYPE #2,5C/7B ENG MODEL TYPE #2,5C/7B ENG MODEL TYPE #2,,,
A MASTER LIGHT,A MASTER LIGHT,A MASTER LIGHT,,,
A/C NUMBER,A/C NUMBER,A/C NUMBER,,,
A/C ON GND SEL EEC #1,A/C ON GND SEL EEC #1,A/C ON GND SEL EEC #1,,,
A/C ON GND SEL EEC #2,A/C ON GND SEL EEC #2,A/C ON GND SEL EEC #2,,,
A/C TYPE,A/C TYPE,A/C TYPE,,,
A/P OFF,A/P OFF,A/P OFF,,,
A/P WARN CAPT,A/P WARN CAPT,A/P WARN CAPT,,,
A/P WARN F/O,A/P WARN F/O,A/P WARN F/O,,,
A/T DISCONNECT SWITCH,A/T DISCONNECT SWITCH,A/T DISCONNECT SWITCH,,,
A/T DISENGAGE (ATENCO),A/T DISENGAGE (ATENCO),A/T DISENGAGE (ATENCO),,,
A/T ENGAGED,A/T ENGAGED,A/T ENGAGED,,,
A/T LIMIT,A/T LIMIT,A/T LIMIT,,,
A/T SPEED WARN,A/T SPEED WARN,A/T SPEED WARN,,,
A/T WARN CAPT,A/T WARN CAPT,A/T WARN CAPT,,,
A/T WARN F/O,A/T WARN F/O,A/T WARN F/O,,,
ABS ROLL<6DEG,ABS ROLL<6DEG,ABS ROLL<6DEG,,,
ABSOLUTE AIRSPEED ERROR,ABSOLUTE AIRSPEED ERROR,ABSOLUTE AIRSPEED ERROR,,,
ACTIVE ALTITUDE REF,ACTIVE ALTITUDE REF,ACTIVE ALTITUDE REF,,,
AD/IR FAULT,AD/IR FAULT,AD/IR FAULT,,,
ADC FAULT,ADC FAULT,ADC FAULT,,,
ADF LEFT SELECTED CAPT,ADF LEFT SELECTED CAPT,ADF LEFT SELECTED CAPT,,,
ADF LEFT SELECTED F/O,ADF LEFT SELECTED F/O,ADF LEFT SELECTED F/O,,,
ADF RIGHT SELECTED CAPT,ADF RIGHT SELECTED CAPT,ADF RIGHT SELECTED CAPT,,,
ADF RIGHT SELECTED F/O,ADF RIGHT SELECTED F/O,ADF RIGHT SELECTED F/O,,,
ADR AIR/GND LOGIC INVALID,ADR AIR/GND LOGIC INVALID,ADR AIR/GND LOGIC INVALID,,,
ADR FAULT,ADR FAULT,ADR FAULT,,,
ADVISORY RATE TO MAINTAIN,ADVISORY RATE TO MAINTAIN,ADVISORY RATE TO MAINTAIN,,,
AIL ACTUATOR POS-L,AIL ACTUATOR POS-L,AIL ACTUATOR POS-L,,,
AIL ACTUATOR POS-R,AIL ACTUATOR POS-R,AIL ACTUATOR POS-R,,,
AIL POS-L,AIL POS-L,AIL POS-L,,,
AIL POS-R,AIL POS-R,AIL POS-R,,,
AIL QUADRANT POS,AIL QUADRANT POS,AIL QUADRANT POS,,,
AIL ROLL CMD-L,AIL ROLL CMD-L,AIL ROLL CMD-L,,,
AIL ROLL CMD-R,AIL ROLL CMD-R,AIL ROLL CMD-R,,,
AIR GND ON GND,AIR GND ON GND,AIR GND ON GND,,,
AIR/GROUND,AIR_GROUND,AIR/GROUND,object,V,V
AIRPLANE TYPE - SMYDC,AIRPLANE TYPE - SMYDC,AIRPLANE TYPE - SMYDC,,,
AIRPORTS SELECTED CAPT,AIRPORTS SELECTED CAPT,AIRPORTS SELECTED CAPT,,,
AIRPORTS SELECTED F/O,AIRPORTS SELECTED F/O,AIRPORTS SELECTED F/O,,,
ALIGN FAULT,ALIGN FAULT,ALIGN FAULT,,,
ALIGN MODE/NOT READY,ALIGN MODE/NOT READY,ALIGN MODE/NOT READY,,,
ALT ACQ,ALT ACQ,ALT ACQ,,,
ALT ACQUIRE,ALT ACQUIRE,ALT ACQUIRE,,,
ALT HOLD,ALT HOLD,ALT HOLD,,,
ALT HOLD PB LITE,ALT HOLD PB LITE,ALT HOLD PB LITE,,,
ALTERNATE ARM,ALTERNATE ARM,ALTERNATE ARM,,,
ALTERNATOR FAULT #1,ALTERNATOR FAULT #1,ALTERNATOR FAULT #1,,,
ALTERNATOR FAULT #2,ALTERNATOR FAULT #2,ALTERNATOR FAULT #2,,,
ALTITUDE (1013.25mB),ALTITUDE,ALTITUDE (1013.25mB),numeric,V,V
ALTITUDE HOLD (MCP OR VNAV),ALTITUDE HOLD (MCP OR VNAV),ALTITUDE HOLD (MCP OR VNAV),,,
ALTITUDE INTERVENTION ACTIVE,ALTITUDE INTERVENTION ACTIVE,ALTITUDE INTERVENTION ACTIVE,,,
ALTITUDE REPORTING,ALTITUDE REPORTING,ALTITUDE REPORTING,,,
ALTITUDE SELECT,ALTITUDE SELECT,ALTITUDE SELECT,,,
ANGLE OF ATTACK (INDICATED) - L,ANGLE OF ATTACK (INDICATED) - L,ANGLE OF ATTACK (INDICATED) - L,,,
ANGLE OF ATTACK (INDICATED) - R,ANGLE OF ATTACK (INDICATED) - R,ANGLE OF ATTACK (INDICATED) - R,,,
ANP - LATERAL,ANP - LATERAL,ANP - LATERAL,,,
ANP - VERTICAL,ANP - VERTICAL,ANP - VERTICAL,,,
AOA FAIL,AOA FAIL,AOA FAIL,,,
AOA SIGNAL FAIL,AOA SIGNAL FAIL,AOA SIGNAL FAIL,,,
APPROACH IDLE SEL #1,APPROACH IDLE SEL #1,APPROACH IDLE SEL #1,,,
APPROACH IDLE SEL #2,APPROACH IDLE SEL #2,APPROACH IDLE SEL #2,,,
APPROACH MODE SEL CAPT,APPROACH MODE SEL CAPT,APPROACH MODE SEL CAPT,,,
APPROACH MODE SEL F/O,APPROACH MODE SEL F/O,APPROACH MODE SEL F/O,,,
APPROACH PB LITE,APPROACH PB LITE,APPROACH PB LITE,,,
APU ANY FAULT DETECTED,APU ANY FAULT DETECTED,APU ANY FAULT DETECTED,,,
APU EGT (T5),APU EGT (T5),APU EGT (T5),,,
APU FIRE,APU FIRE,APU FIRE,,,
APU FUEL FLOW,APU FUEL FLOW,APU FUEL FLOW,,,
APU LOW OIL QTY,APU LOW OIL QTY,APU LOW OIL QTY,,,
APU N1,APU N1,APU N1,,,
APU OIL TEMP,APU OIL TEMP,APU OIL TEMP,,,
APU ON,APU ON,APU ON,,,
ARM,ARM,ARM,,,
ASSUMED TEMP DERATE,ASSUMED TEMP DERATE,ASSUMED TEMP DERATE,,,
ASYMMETRY ENABLE,ASYMMETRY ENABLE,ASYMMETRY ENABLE,,,
AT Engaged or HUD Mode,AT ENGAGED OR HUD MODE,AT Engaged or HUD Mode,,,
ATTITUDE INVALID,ATTITUDE INVALID,ATTITUDE INVALID,,,
AUTO BRAKE APPLIED,AUTO BRAKE APPLIED,AUTO BRAKE APPLIED,,,
AUTO SLAT CMD - LEFT,AUTO SLAT CMD - LEFT,AUTO SLAT CMD - LEFT,,,
AUTO SLAT CMD - RIGHT,AUTO SLAT CMD - RIGHT,AUTO SLAT CMD - RIGHT,,,
AUTO SLAT ENABLE - LEFT,AUTO SLAT ENABLE - LEFT,AUTO SLAT ENABLE - LEFT,,,
AUTO SLAT ENABLE - RIGHT,AUTO SLAT ENABLE - RIGHT,AUTO SLAT ENABLE - RIGHT,,,
AUTO SLAT VALID - LEFT,AUTO SLAT VALID - LEFT,AUTO SLAT VALID - LEFT,,,
AUTO SLAT VALID - RIGHT,AUTO SLAT VALID - RIGHT,AUTO SLAT VALID - RIGHT,,,
AUTO SPD BRAKE EXTEND CMD,AUTO SPD BRAKE EXTEND CMD,AUTO SPD BRAKE EXTEND CMD,,,
AUTONAV REALIGN,AUTONAV REALIGN,AUTONAV REALIGN,,,
Autopilot Engaged or Flare Annun,AUTOPILOT ENGAGED OR FLARE ANNUN,Autopilot Engaged or Flare Annun,,,
AUTOSLAT CMD,AUTOSLAT CMD,AUTOSLAT CMD,,,
AUX TANK FUEL QTY,AUX TANK FUEL QTY,AUX TANK FUEL QTY,,,
AVERAGE AIRSPEED ERROR,AVERAGE AIRSPEED ERROR,AVERAGE AIRSPEED ERROR,,,
AVM ALERT ENGINE 1,AVM ALERT ENGINE 1,AVM ALERT ENGINE 1,,,
AVM ALERT ENGINE 2,AVM ALERT ENGINE 2,AVM ALERT ENGINE 2,,,
AVM SYSTEM FAULT,AVM SYSTEM FAULT,AVM SYSTEM FAULT,,,
B MASTER LIGHT,B MASTER LIGHT,B MASTER LIGHT,,,
BACKCOURSE ARM,BACKCOURSE ARM,BACKCOURSE ARM,,,
BACKCOURSE ENGAGE,BACKCOURSE ENGAGE,BACKCOURSE ENGAGE,,,
BARO 1 DATA INVALID,BARO 1 DATA INVALID,BARO 1 DATA INVALID,,,
BARO 2 DATA INVALID,BARO 2 DATA INVALID,BARO 2 DATA INVALID,,,
BARO 3 SIGNAL FAIL,BARO 3 SIGNAL FAIL,BARO 3 SIGNAL FAIL,,,
BARO COR (in HG) #1,BARO COR (IN HG) #1,BARO COR (in HG) #1,,,
BARO COR (in HG) #2,BARO COR (IN HG) #2,BARO COR (in HG) #2,,,
BARO COR ALT NO. 1,BARO COR ALT NO. 1,BARO COR ALT NO. 1,,,
BARO COR ALT NO. 2,BARO COR ALT NO. 2,BARO COR ALT NO. 2,,,
BARO COR ALT NO. 3,BARO COR ALT NO. 3,BARO COR ALT NO. 3,,,
BARO COR ALT NO. 4,BARO COR ALT NO. 4,BARO COR ALT NO. 4,,,
BLEED AIR SWITCH,BLEED AIR SWITCH,BLEED AIR SWITCH,,,
BLEED VALVE OPEN,BLEED VALVE OPEN,BLEED VALVE OPEN,,,
BODY PITCH RATE,BODY PITCH RATE,BODY PITCH RATE,,,
BODY ROLL RATE,BODY ROLL RATE,BODY ROLL RATE,,,
BODY YAW RATE,BODY YAW RATE,BODY YAW RATE,,,
BRAKE PRESS ALT-LEFT,BRAKE PRESS ALT-LEFT,BRAKE PRESS ALT-LEFT,,,
BRAKE PRESS ALT-RIGHT,BRAKE PRESS ALT-RIGHT,BRAKE PRESS ALT-RIGHT,,,
BRAKE PRESS MAIN-LEFT,BRAKE PRESS MAIN-LEFT,BRAKE PRESS MAIN-LEFT,,,
BRAKE PRESS MAIN-RIGHT,BRAKE PRESS MAIN-RIGHT,BRAKE PRESS MAIN-RIGHT,,,
BRAKE TEMP OVERHEAT LT,BRAKE TEMP OVERHEAT LT,BRAKE TEMP OVERHEAT LT,,,
BSV DEMANDED CLOSED #1,BSV DEMANDED CLOSED #1,BSV DEMANDED CLOSED #1,,,
BSV DEMANDED CLOSED #2,BSV DEMANDED CLOSED #2,BSV DEMANDED CLOSED #2,,,
BSV POSITION STATUS #1,BSV POSITION STATUS #1,BSV POSITION STATUS #1,,,
BSV POSITION STATUS #2,BSV POSITION STATUS #2,BSV POSITION STATUS #2,,,
CABIN ALTITUDE > 10kft,CABIN ALTITUDE > 10KFT,CABIN ALTITUDE > 10kft,,,
CALCULATED MACH NO. #1,CALCULATED MACH NO. #1,CALCULATED MACH NO. #1,,,
CALCULATED MACH NO. #2,CALCULATED MACH NO. #2,CALCULATED MACH NO. #2,,,
CANCEL/RECALL,CANCEL/RECALL,CANCEL/RECALL,,,
CAPT DISP GLIDESLOPE DEV / ELEVA,CAPT DISP GLIDESLOPE DEV / ELEVA,CAPT DISP GLIDESLOPE DEV / ELEVATION,,,
CAPT DISP LOCALIZER DEV / AZIMUT,CAPT DISP LOCALIZER DEV / AZIMUT,CAPT DISP LOCALIZER DEV / AZIMUTH,,,
CAPT DISPLAY GROUNDSPEED,CAPT DISPLAY GROUNDSPEED,CAPT DISPLAY GROUNDSPEED,,,
CAPT DISPLAY HEADING,CAPT DISPLAY HEADING,CAPT DISPLAY HEADING,,,
CAPT DISPLAY MAG/TRUE REF,CAPT DISPLAY MAG/TRUE REF,CAPT DISPLAY MAG/TRUE REF,,,
CAPT DISPLAY PITCH ATT,CAPT DISPLAY PITCH ATT,CAPT DISPLAY PITCH ATT,,,
CAPT DISPLAY ROLL ATT,CAPT DISPLAY ROLL ATT,CAPT DISPLAY ROLL ATT,,,
CAUTION OBSTACLE OR AHEAD,CAUTION OBSTACLE OR AHEAD,CAUTION OBSTACLE OR AHEAD,,,
CAUTION TERRAIN,CAUTION TERRAIN,CAUTION TERRAIN,,,
CAUTION WINDSHEAR,CAUTION WINDSHEAR,CAUTION WINDSHEAR,,,
CC FORCE (PITCH CWS),CC FORCE (PITCH CWS),CC FORCE (PITCH CWS),,,
CDS FAULT MSG DEU-1,CDS FAULT MSG DEU-1,CDS FAULT MSG DEU-1,,,
CDS FAULT MSG DEU-2,CDS FAULT MSG DEU-2,CDS FAULT MSG DEU-2,,,
CDS MAINT MSG DEU-1,CDS MAINT MSG DEU-1,CDS MAINT MSG DEU-1,,,
CDS MAINT MSG DEU-2,CDS MAINT MSG DEU-2,CDS MAINT MSG DEU-2,,,
CENTER DISP FORMAT CAPT,CENTER DISP FORMAT CAPT,CENTER DISP FORMAT CAPT,,,
CENTER DISP FORMAT F/O,CENTER DISP FORMAT F/O,CENTER DISP FORMAT F/O,,,
CENTER MAIN FUEL QTY,CENTER MAIN FUEL QTY,CENTER MAIN FUEL QTY,,,
CHECK LIST,CHECK LIST,CHECK LIST,,,
CL DISPLAY UNIT DRIVEN,CL DISPLAY UNIT DRIVEN,CL DISPLAY UNIT DRIVEN,,,
CL DU FORMAT,CL DU FORMAT,CL DU FORMAT,,,
CLR (CLEAR) SUBMODE,CLR (CLEAR) SUBMODE,CLR (CLEAR) SUBMODE,,,
CMD A,CMD A,CMD A,,,
CMD B,CMD B,CMD B,,,
CN1 (FAN) VIB L,CN1 (FAN) VIB L,CN1 (FAN) VIB L,,,
CN1 (FAN) VIB R,CN1 (FAN) VIB R,CN1 (FAN) VIB R,,,
CN1 ACCELEROMETER SOURCE,CN1 ACCELEROMETER SOURCE,CN1 ACCELEROMETER SOURCE,,,
CN2 (HPC) VIB L,CN2 (HPC) VIB L,CN2 (HPC) VIB L,,,
CN2 (HPC) VIB R,CN2 (HPC) VIB R,CN2 (HPC) VIB R,,,
CN2 ACCELEROMETER SOURCE,CN2 ACCELEROMETER SOURCE,CN2 ACCELEROMETER SOURCE,,,
COMBINED CONTROL,COMBINED CONTROL,COMBINED CONTROL,,,
COMBUSTOR SEVERITY #1,COMBUSTOR SEVERITY #1,COMBUSTOR SEVERITY #1,,,
COMBUSTOR SEVERITY #2,COMBUSTOR SEVERITY #2,COMBUSTOR SEVERITY #2,,,
COMM,COMM,COMM,,,
COMPUTED AIRSPEED,AIRSPEED_CMP,COMPUTED AIRSPEED,numeric,V,V
CONT REG #1,CONT REG #1,CONT REG #1,,,
CONT REG #2,CONT REG #2,CONT REG #2,,,
CONTROL COLUMN POSN - CAPT,CONTROL COLUMN POSN - CAPT,CONTROL COLUMN POSN - CAPT,,,
CONTROL COLUMN POSN - F/O,CONTROL COLUMN POSN - F/O,CONTROL COLUMN POSN - F/O,,,
CONTROL WHEEL POSN - CAPT,CONTROL WHEEL POSN - CAPT,CONTROL WHEEL POSN - CAPT,,,
CONTROL WHEEL POSN - F/O,CONTROL WHEEL POSN - F/O,CONTROL WHEEL POSN - F/O,,,
COWL TAI CONFIG CODE #1,COWL TAI CONFIG CODE #1,COWL TAI CONFIG CODE #1,,,
COWL TAI CONFIG CODE #2,COWL TAI CONFIG CODE #2,COWL TAI CONFIG CODE #2,,,
CROSS TRACK DEV,CROSS TRACK DEV,CROSS TRACK DEV,,,
CROSSTRACK RATE<8FT/SEC,CROSSTRACK RATE<8FT/SEC,CROSSTRACK RATE<8FT/SEC,,,
CROSSTRACK RATE<9FT/SEC,CROSSTRACK RATE<9FT/SEC,CROSSTRACK RATE<9FT/SEC,,,
CROSSTRACK RATE-LAT POS<0,CROSSTRACK RATE-LAT POS<0,CROSSTRACK RATE-LAT POS<0,,,
CU DISPLAY UNIT DRIVEN,CU DISPLAY UNIT DRIVEN,CU DISPLAY UNIT DRIVEN,,,
CU DU FORMAT,CU DU FORMAT,CU DU FORMAT,,,
CUSTOMER UNIQUE FRAME,CUSTOMER UNIQUE FRAME,CUSTOMER UNIQUE FRAME,,,
CUTBACK ARMED,CUTBACK ARMED,CUTBACK ARMED,,,
CUTBACK ENGAGED,CUTBACK ENGAGED,CUTBACK ENGAGED,,,
CW FORCE (ROLL CWS),CW FORCE (ROLL CWS),CW FORCE (ROLL CWS),,,
CWS A,CWS A,CWS A,,,
CWS B,CWS B,CWS B,,,
CWS PITCH,CWS PITCH,CWS PITCH,,,
CWS ROLL,CWS ROLL,CWS ROLL,,,
CWS WARN,CWS WARN,CWS WARN,,,
DAC FUEL MOD VALVE SEL #1,DAC FUEL MOD VALVE SEL #1,DAC FUEL MOD VALVE SEL #1,,,
DAC FUEL MOD VALVE SEL #2,DAC FUEL MOD VALVE SEL #2,DAC FUEL MOD VALVE SEL #2,,,
DAC STAGING MODE #1,DAC STAGING MODE #1,DAC STAGING MODE #1,,,
DAC STAGING MODE #2,DAC STAGING MODE #2,DAC STAGING MODE #2,,,
DATA BROADCAST MODE - L,DATA BROADCAST MODE - L,DATA BROADCAST MODE - L,,,
DATA BROADCAST MODE - R,DATA BROADCAST MODE - R,DATA BROADCAST MODE - R,,,
DAY,DAY,DAY X 1,,,
DC FAIL,DC FAIL,DC FAIL,,,
DC FAIL/ON DC,DC FAIL/ON DC,DC FAIL/ON DC,,,
DESIRED TRACK,DESIRED TRACK,DESIRED TRACK,,,
DESTINATION CHAR,DESTINATION CHAR,DESTINATION CHAR #1,,,
DESTINATION ETA HOURS,DESTINATION ETA HOURS,DESTINATION ETA HOURS,,,
DESTINATION ETA MINUTES,DESTINATION ETA MINUTES,DESTINATION ETA MINUTES,,,
DH SELECTED CAPT,DH SELECTED CAPT,DH SELECTED CAPT,,,
DH SELECTED F/O,DH SELECTED F/O,DH SELECTED F/O,,,
DISPL APP DIST CAPT,DISPL APP DIST CAPT,DISPL APP DIST CAPT,,,
DISPL APP DIST F/O,DISPL APP DIST F/O,DISPL APP DIST F/O,,,
DISPLAYED APP SOURCE - CAPT,DISPLAYED APP SOURCE - CAPT,DISPLAYED APP SOURCE - CAPT,,,
DISPLAYED APP SOURCE - F/O,DISPLAYED APP SOURCE - F/O,DISPLAYED APP SOURCE - F/O,,,
DISTANCE TO GO,DISTANCE TO GO,DISTANCE TO GO,,,
DISTANCE TO GO (WPT),DISTANCE TO GO (WPT),DISTANCE TO GO (LSD),,,
DME DISPLAY BIT - L,DME DISPLAY BIT - L,DME DISPLAY BIT - L,,,
DME DISPLAY BIT - R,DME DISPLAY BIT - R,DME DISPLAY BIT - R,,,
DME DISTANCE-LEFT,DME DISTANCE-LEFT,DME DISTANCE-LEFT,,,
DME DISTANCE-RIGHT,DME DISTANCE-RIGHT,DME DISTANCE-RIGHT,,,
DME L ANTENNA FAILURE,DME L ANTENNA FAILURE,DME L ANTENNA FAILURE,,,
DME LEFT FAILURE,DME LEFT FAILURE,DME LEFT FAILURE,,,
DME MODE BIT 13-11 L,DME MODE BIT 13-11 L,DME MODE BIT 13 - 11 L,,,
DME MODE BIT 13-11 R,DME MODE BIT 13-11 R,DME MODE BIT 13 - 11 R,,,
DME R ANTENNA FAILURE,DME R ANTENNA FAILURE,DME R ANTENNA FAILURE,,,
DME RIGHT FAILURE,DME RIGHT FAILURE,DME RIGHT FAILURE,,,
DON'T SINK,DON'T SINK,DON'T SINK,,,
DOWN ADVISORY,DOWN ADVISORY,DOWN ADVISORY,,,
DRIFT ANGLE,DRIFT ANGLE,DRIFT ANGLE,,,
DRIFT ANGLE - FMC,DRIFT ANGLE - FMC,DRIFT ANGLE - FMC,,,
DSM CAPT INBD ENG,DSM CAPT INBD ENG,DSM CAPT INBD ENG,,,
DSM CAPT INBD MFD,DSM CAPT INBD MFD,DSM CAPT INBD MFD,,,
DSM CAPT INBD PFD,DSM CAPT INBD PFD,DSM CAPT INBD PFD,,,
DSM CAPT LOWER ENG,DSM CAPT LOWER ENG,DSM CAPT LOWER ENG,,,
DSM CAPT LOWER ND,DSM CAPT LOWER ND,DSM CAPT LOWER ND,,,
DSM CAPT LOWER NORM,DSM CAPT LOWER NORM,DSM CAPT LOWER NORM,,,
DSM CAPT LOWER SPARE,DSM CAPT LOWER SPARE,DSM CAPT LOWER SPARE,,,
DSM CAPT NORM,DSM CAPT NORM,DSM CAPT NORM,,,
DSM CAPT OUTBD PFD,DSM CAPT OUTBD PFD,DSM CAPT OUTBD PFD,,,
DSM F/O INBD ENG,DSM F/O INBD ENG,DSM F/O INBD ENG,,,
DSM F/O INBD MFD,DSM F/O INBD MFD,DSM F/O INBD MFD,,,
DSM F/O INBD PFD,DSM F/O INBD PFD,DSM F/O INBD PFD,,,
DSM F/O LOWER ENG,DSM F/O LOWER ENG,DSM F/O LOWER ENG,,,
DSM F/O LOWER ND,DSM F/O LOWER ND,DSM F/O LOWER ND,,,
DSM F/O LOWER NORM,DSM F/O LOWER NORM,DSM F/O LOWER NORM,,,
DSM F/O LOWER SPARE,DSM F/O LOWER SPARE,DSM F/O LOWER SPARE,,,
DSM F/O NORM,DSM F/O NORM,DSM F/O NORM,,,
DSM F/O OUTBD PFD,DSM F/O OUTBD PFD,DSM F/O OUTBD PFD,,,
ECS - FSEU -TE FLAPS GT/UP,ECS - FSEU -TE FLAPS GT/UP,ECS - FSEU -TE FLAPS GT/UP,,,
ECS CONFIG CODE #1,ECS CONFIG CODE #1,ECS CONFIG CODE #1,,,
ECS CONFIG CODE #2,ECS CONFIG CODE #2,ECS CONFIG CODE #2,,,
ECS ISOLATION VALVE,ECS ISOLATION VALVE,ECS ISOLATION VALVE,,,
EEC CHANNEL FAULT #1,EEC CHANNEL FAULT #1,EEC CHANNEL FAULT #1,,,
EEC CHANNEL FAULT #2,EEC CHANNEL FAULT #2,EEC CHANNEL FAULT #2,,,
EEC CHANNEL IN CTRL #1,EEC CHANNEL IN CTRL #1,EEC CHANNEL IN CTRL #1,,,
EEC CHANNEL IN CTRL #2,EEC CHANNEL IN CTRL #2,EEC CHANNEL IN CTRL #2,,,
EEC CROSS CHAN FAULT #1,EEC CROSS CHAN FAULT #1,EEC CROSS CHAN FAULT #1,,,
EEC CROSS CHAN FAULT #2,EEC CROSS CHAN FAULT #2,EEC CROSS CHAN FAULT #2,,,
EEC HARD ALTN MODE SEL #1,EEC HARD ALTN MODE SEL #1,EEC HARD ALTN MODE SEL #1,,,
EEC HARD ALTN MODE SEL #2,EEC HARD ALTN MODE SEL #2,EEC HARD ALTN MODE SEL #2,,,
EEC MAX CLIMB N1 RATING 1,EEC MAX CLIMB N1 RATING 1,EEC MAX CLIMB N1 RATING 1,,,
EEC MAX CLIMB N1 RATING 2,EEC MAX CLIMB N1 RATING 2,EEC MAX CLIMB N1 RATING 2,,,
EEC MAX T/O N1 RATING #1,EEC MAX T/O N1 RATING #1,EEC MAX T/O N1 RATING #1,,,
EEC MAX T/O N1 RATING #2,EEC MAX T/O N1 RATING #2,EEC MAX T/O N1 RATING #2,,,
EEC SOFT ALTN MODE SEL #1,EEC SOFT ALTN MODE SEL #1,EEC SOFT ALTN MODE SEL #1,,,
EEC SOFT ALTN MODE SEL #2,EEC SOFT ALTN MODE SEL #2,EEC SOFT ALTN MODE SEL #2,,,
EEC TEMP OVER LIMIT #1,EEC TEMP OVER LIMIT #1,EEC TEMP OVER LIMIT #1,,,
EEC TEMP OVER LIMIT #2,EEC TEMP OVER LIMIT #2,EEC TEMP OVER LIMIT #2,,,
EFIS DISPLAY DATA,EFIS DISPLAY DATA,EFIS DISPLAY DATA,,,
EGPWS BIT 22,EGPWS BIT 22,EGPWS BIT 22,,,
EGPWS BIT 23,EGPWS BIT 23,EGPWS BIT 23,,,
EGPWS DISP SEL CAPT,EGPWS DISP SEL CAPT,EGPWS DISP SEL CAPT,,,
EGPWS DISP SEL F/O,EGPWS DISP SEL F/O,EGPWS DISP SEL F/O,,,
EGT AMBER LIMIT EXC #1,EGT AMBER LIMIT EXC #1,EGT AMBER LIMIT EXC #1,,,
EGT AMBER LIMIT EXC #2,EGT AMBER LIMIT EXC #2,EGT AMBER LIMIT EXC #2,,,
EGT REDLINE EXC #1,EGT REDLINE EXC #1,EGT REDLINE EXC #1,,,
EGT REDLINE EXC #2,EGT REDLINE EXC #2,EGT REDLINE EXC #2,,,
EGT START REDLINE EXC #1,EGT START REDLINE EXC #1,EGT START REDLINE EXC #1,,,
EGT START REDLINE EXC #2,EGT START REDLINE EXC #2,EGT START REDLINE EXC #2,,,
ELEV ACTUATOR POS-L,ELEV ACTUATOR POS-L,ELEV ACTUATOR POS-L,,,
ELEV ACTUATOR POS-R,ELEV ACTUATOR POS-R,ELEV ACTUATOR POS-R,,,
ELEV FEEL SYS CMD,ELEV FEEL SYS CMD,ELEV FEEL SYS CMD,,,
ELEV PITCH CMD-L,ELEV PITCH CMD-L,ELEV PITCH CMD-L,,,
ELEV PITCH CMD-R,ELEV PITCH CMD-R,ELEV PITCH CMD-R,,,
ELEV POS-L,ELEV POS-L,ELEV POS-L,,,
ELEV POS-R,ELEV POS-R,ELEV POS-R,,,
ELEV QUADRANT POS,ELEV QUADRANT POS,ELEV QUADRANT POS,,,
ENG #1 FIRE,ENG #1 FIRE,ENG #1 FIRE,,,
ENG #2 FIRE,ENG #2 FIRE,ENG #2 FIRE,,,
ENG 1 COWL ANTI-ICE SW,ENG 1 COWL ANTI-ICE SW,ENG 1 COWL ANTI-ICE SW,,,
ENG 2 COWL ANTI-ICE SW,ENG 2 COWL ANTI-ICE SW,ENG 2 COWL ANTI-ICE SW,,,
ENG A/P TYPE CODE #1,ENG A/P TYPE CODE #1,ENG A/P TYPE CODE #1,,,
ENG A/P TYPE CODE #2,ENG A/P TYPE CODE #2,ENG A/P TYPE CODE #2,,,
ENG HOT START DETECTED #1,ENG HOT START DETECTED #1,ENG HOT START DETECTED #1,,,
ENG HOT START DETECTED #2,ENG HOT START DETECTED #2,ENG HOT START DETECTED #2,,,
ENG OIL QTY #1,ENG OIL QTY #1,ENG OIL QTY #1,,,
ENG OIL QTY #2,ENG OIL QTY #2,ENG OIL QTY #2,,,
ENG OUT CLIMB GRAD,ENG OUT CLIMB GRAD,ENG OUT CLIMB GRAD,,,
ENG POSITION #1,ENG POSITION #1,ENG POSITION CODE #1,,,
ENG POSITION #2,ENG POSITION #2,ENG POSITION CODE #2,,,
ENGAGE INTERFACE FAULT L,ENGAGE INTERFACE FAULT L,ENGAGE INTERFACE FAULT L,,,
ENGAGE INTERFACE FAULT R,ENGAGE INTERFACE FAULT R,ENGAGE INTERFACE FAULT R,,,
ENGINE 1 BLEED SWITCH,ENGINE 1 BLEED SWITCH,ENGINE 1 BLEED SWITCH,,,
ENGINE 1 CUTOFF,ENGINE 1 CUTOFF,ENGINE 1 CUTOFF,,,
ENGINE 2 BLEED SWITCH,ENGINE 2 BLEED SWITCH,ENGINE 2 BLEED SWITCH,,,
ENGINE 2 CUTOFF,ENGINE 2 CUTOFF,ENGINE 2 CUTOFF,,,
ENGINE DISPLAY DATA,ENGINE DISPLAY DATA,ENGINE DISPLAY DATA,,,
ENGINE PANEL MODE #1,ENGINE PANEL MODE #1,ENGINE PANEL MODE #1,,,
ENGINE PANEL MODE #2,ENGINE PANEL MODE #2,ENGINE PANEL MODE #2,,,
ENGINE RATING #1,ENGINE RATING #1,ENGINE RATING #1,,,
ENGINE RATING #2,ENGINE RATING #2,ENGINE RATING #2,,,
ENGINE-OUT ENGAGED label 103,ENGINE-OUT ENGAGED LABEL 103,ENGINE-OUT ENGAGED label 103,,,
ENGINE-OUT ENGAGED label 106,ENGINE-OUT ENGAGED LABEL 106,ENGINE-OUT ENGAGED label 106,,,
Error,ERROR,Sync Errors and Skips,,,
EVENT MARKER (RESV),EVENT MARKER (RESV),EVENT MARKER (RESV),,,
EXCESS MOTION ERROR,EXCESS MOTION ERROR,EXCESS MOTION ERROR,,,
F/D A ON,F/D A ON,F/D A ON,,,
F/D B ON,F/D B ON,F/D B ON,,,
FAC ARM,FAC ARM,FAC ARM,,,
FAC ENGAGE,FAC ENGAGE,FAC ENGAGE,,,
FAN IMB ACCEL SOURCE L,FAN IMB ACCEL SOURCE L,FAN IMB ACCEL SOURCE L,,,
FAN IMB ACCEL SOURCE R,FAN IMB ACCEL SOURCE R,FAN IMB ACCEL SOURCE R,,,
FAN IMBALANCE ANGLE L,FAN IMBALANCE ANGLE L,FAN IMBALANCE ANGLE L,,,
FAN IMBALANCE ANGLE R,FAN IMBALANCE ANGLE R,FAN IMBALANCE ANGLE R,,,
FAULT DISPATCH LVL A #1 (EEC),FAULT DISPATCH LVL A #1 (EEC),FAULT DISPATCH LVL A #1 (EEC),,,
FAULT DISPATCH LVL A #2 (EEC),FAULT DISPATCH LVL A #2 (EEC),FAULT DISPATCH LVL A #2 (EEC),,,
FC MIN OPERATING SPD,FC MIN OPERATING SPD,FC MIN OPERATING SPD,,,
FCC FORCE XDCR SCALING - CC,FCC FORCE XDCR SCALING - CC,FCC FORCE XDCR SCALING - CC,,,
FCC FORCE XDCR SCALING - CW,FCC FORCE XDCR SCALING - CW,FCC FORCE XDCR SCALING - CW,,,
FCC IN CMD OF MACH TRIM - L,FCC IN CMD OF MACH TRIM - L,FCC IN CMD OF MACH TRIM - L,,,
FCC IN CMD OF MACH TRIM - R,FCC IN CMD OF MACH TRIM - R,FCC IN CMD OF MACH TRIM - R,,,
FIXED DERATE LVL 1,FIXED DERATE LVL 1,FIXED DERATE LVL 1,,,
FIXED DERATE LVL 2,FIXED DERATE LVL 2,FIXED DERATE LVL 2,,,
FLAMEOUT PROTECTION ACT 1,FLAMEOUT PROTECTION ACT 1,FLAMEOUT PROTECTION ACT 1,,,
FLAMEOUT PROTECTION ACT 2,FLAMEOUT PROTECTION ACT 2,FLAMEOUT PROTECTION ACT 2,,,
FLAP HANDLE POSITION,FLAPHANDLPOS,FLAP HANDLE POSITION,numeric,V,V
FLARE ARM,FLARE ARM,FLARE ARM,,,
FLARE CMND NOT INITATED,FLARE CMND NOT INITATED,FLARE CMND NOT INITATED,,,
Flare Comd Active or HUD Mode,FLARE COMD ACTIVE OR HUD MODE,Flare Comd Active or HUD Mode,,,
FLARE ENGAGE,FLARE ENGAGE,FLARE ENGAGE,,,
FLEET IDENT,FLEET IDENT,FLEET IDENT,,,
FLIGHT DIRECTOR PITCH - L,FLIGHT DIRECTOR PITCH - L,FLIGHT DIRECTOR PITCH - L,,,
FLIGHT DIRECTOR PITCH - R,FLIGHT DIRECTOR PITCH - R,FLIGHT DIRECTOR PITCH - R,,,
FLIGHT DIRECTOR ROLL - L,FLIGHT DIRECTOR ROLL - L,FLIGHT DIRECTOR ROLL - L,,,
FLIGHT DIRECTOR ROLL - R,FLIGHT DIRECTOR ROLL - R,FLIGHT DIRECTOR ROLL - R,,,
FLIGHT NUMBER,FLIGHT NUMBER,FLIGHT NUMBER,,,
FLIGHT PATH ANGLE,FLIGHT PATH ANGLE,FLIGHT PATH ANGLE,,,
FLIGHT PATH X POSITION,FLIGHT PATH X POSITION,FLIGHT PATH X POSITION,,,
FLIGHT PATH Y POSITION,FLIGHT PATH Y POSITION,FLIGHT PATH Y POSITION,,,
FLT CONT A HYD LOW PRESS,FLT CONT A HYD LOW PRESS,FLT CONT A HYD LOW PRESS,,,
FLT CONT B HYD LOW PRESS,FLT CONT B HYD LOW PRESS,FLT CONT B HYD LOW PRESS,,,
FLT NUMBER CHAR,FLT NUMBER CHAR,FLT NUMBER CHAR,,,
FMC AIRSPEED SELECTED,FMC AIRSPEED SELECTED,FMC AIRSPEED SELECTED,,,
FMC ALTITUDE SELECTED,FMC ALTITUDE SELECTED,FMC ALTITUDE SELECTED,,,
FMC GROUNDSPEED,FMC GROUNDSPEED,FMC GROUNDSPEED,,,
FMC MACH SELECTED,FMC MACH SELECTED,FMC MACH SELECTED,,,
FMC MAP CHAR 1,FMC MAP CHAR 1,FMC MAP CHAR 1,,,
FMC MAP CHAR 2,FMC MAP CHAR 2,FMC MAP CHAR 2,,,
FMC MAP CHAR 3,FMC MAP CHAR 3,FMC MAP CHAR 3,,,
FMC MAP CHAR 4,FMC MAP CHAR 4,FMC MAP CHAR 4,,,
FMC MAP CHAR 5,FMC MAP CHAR 5,FMC MAP CHAR 5,,,
FMC MAP CHAR 6,FMC MAP CHAR 6,FMC MAP CHAR 6,,,
FMC NAV SOURCE DME,FMC NAV SOURCE DME,FMC NAV SOURCE DME,,,
FMC NAV SOURCE GPS,FMC NAV SOURCE GPS,FMC NAV SOURCE GPS,,,
FMC NAV SOURCE IRS,FMC NAV SOURCE IRS,FMC NAV SOURCE IRS,,,
FMC NAV SOURCE LOC,FMC NAV SOURCE LOC,FMC NAV SOURCE LOC,,,
FMC NAV SOURCE MLS,FMC NAV SOURCE MLS,FMC NAV SOURCE MLS,,,
FMC NAV SOURCE Spare,FMC NAV SOURCE SPARE,FMC NAV SOURCE Spare,,,
FMC NAV SOURCE VOR,FMC NAV SOURCE VOR,FMC NAV SOURCE VOR,,,
FMC SELECT SW - CAPT,FMC SELECT SW - CAPT,FMC SELECT SW - CAPT,,,
FMC SELECTED PRIMARY NAV SOURCE,FMC SELECTED PRIMARY NAV SOURCE,FMC SELECTED PRIMARY NAV SOURCE,,,
FMC SELECTED TEMP,FMC SELECTED TEMP,FMC SELECTED TEMP,,,
FMC SPD,FMC SPD,FMC SPD,,,
FMC STATIC AIR TEMP,FMC STATIC AIR TEMP,FMC STATIC AIR TEMP,,,
FMC VALID,FMC VALID,FMC VALID,,,
FPV SELECTED CAPT,FPV SELECTED CAPT,FPV SELECTED CAPT,,,
FPV SELECTED F/O,FPV SELECTED F/O,FPV SELECTED F/O,,,
FRAME COUNTER,FRAME COUNTER,FRAME COUNTER,,,
FSEU FAULT,FSEU FAULT,FSEU FAULT,,,
FUEL AIR RATIO STA 36 #1,FUEL AIR RATIO STA 36 #1,FUEL AIR RATIO STA 36 #1,,,
FUEL AIR RATIO STA 36 #2,FUEL AIR RATIO STA 36 #2,FUEL AIR RATIO STA 36 #2,,,
FUEL CONFIGURATION ALERT,FUEL CONFIGURATION ALERT,FUEL CONFIGURATION ALERT,,,
FUEL FILTER IMP BYPASS #1,FUEL FILTER IMP BYPASS #1,FUEL FILTER IMP BYPASS #1,,,
FUEL FILTER IMP BYPASS #2,FUEL FILTER IMP BYPASS #2,FUEL FILTER IMP BYPASS #2,,,
FUEL QTY IMBALANCE TANK 1,FUEL QTY IMBALANCE TANK 1,FUEL QTY IMBALANCE TANK 1,,,
FUEL QTY IMBALANCE TANK 2,FUEL QTY IMBALANCE TANK 2,FUEL QTY IMBALANCE TANK 2,,,
FWD THR #1 LMT BY T/R POS,FWD THR #1 LMT BY T/R POS,FWD THR #1 LMT BY T/R POS,,,
FWD THR #2 LMT BY T/R POS,FWD THR #2 LMT BY T/R POS,FWD THR #2 LMT BY T/R POS,,,
G/S ANTENNA FAILURE-L,G/S ANTENNA FAILURE-L,G/S ANTENNA FAILURE-L,,,
G/S ANTENNA FAILURE-R,G/S ANTENNA FAILURE-R,G/S ANTENNA FAILURE-R,,,
G/S ARM,G/S ARM,G/S ARM,,,
G/S BEAM ANOM (ANNUN),G/S BEAM ANOM (ANNUN),G/S BEAM ANOM (ANNUN),,,
G/S DEV WARN,G/S DEV WARN,G/S DEV WARN,,,
G/S ENGAGE,G/S ENGAGE,G/S ENGAGE,,,
G/S RECEIVER FAILURE-L,G/S RECEIVER FAILURE-L,G/S RECEIVER FAILURE-L,,,
G/S RECEIVER FAILURE-R,G/S RECEIVER FAILURE-R,G/S RECEIVER FAILURE-R,,,
GA,GA,GA,,,
GEAR LEVER DOWN,GEAR LEVER DOWN,GEAR LEVER DOWN,,,
GEAR LEVER UP,GEAR LEVER UP,GEAR LEVER UP,,,
GLIDESLOPE,GLIDESLOPE,GLIDESLOPE,,,
GLIDESLOPE CANCEL,GLIDESLOPE CANCEL,GLIDESLOPE CANCEL,,,
GLIDESLOPE DEV,GLIDESLOPE DEV,GLIDESLOPE DEV,,,
GLIDESLOPE DEV/ELEVATION - L,GLIDESLOPE DEV/ELEVATION - L,GLIDESLOPE DEV/ELEVATION - L,,,
GLIDESLOPE DEV/ELEVATION - R,GLIDESLOPE DEV/ELEVATION - R,GLIDESLOPE DEV/ELEVATION - R,,,
GLS Encoded Chan-L,GLS ENCODED CHAN-L,ILS FREQ/GLS CHNL - L,,,
GLS Encoded Chan-R,GLS ENCODED CHAN-R,ILS FREQ/GLS CHNL - R,,,
GLS MODE - L,GLS MODE - L,GLS MODE - L,,,
GLS MODE - R,GLS MODE - R,GLS MODE - R,,,
GMT,GMT,GMT,,,
GMT HOURS,GMT HOURS,GMT HOURS,,,
GMT HRSx1.0,GMT HRSX1.0,GMT HRSx1.0,,,
GMT HRSx10,GMT HRSX10,GMT HRSx10,,,
GMT MINUTES,GMT MINUTES,GMT MINUTES,,,
GMT MINx0.1,GMT MINX0.1,GMT MINx0.1,,,
GMT MINx1.0,GMT MINX1.0,GMT MINx1.0,,,
GMT MINx10,GMT MINX10,GMT MINx10,,,
GMT SECONDS,GMT SECONDS,GMT SECONDS,,,
GMT/UTC SYNCHRONIZATION,GMT/UTC SYNCHRONIZATION,GMT/UTC SYNCHRONIZATION,,,
GND STA DATA SEL CAPT,GND STA DATA SEL CAPT,GND STA DATA SEL CAPT,,,
GND STA DATA SEL F/O,GND STA DATA SEL F/O,GND STA DATA SEL F/O,,,
GNSS MODE - L,GNSS MODE - L,GNSS MODE - L,,,
GNSS MODE - R,GNSS MODE - R,GNSS MODE - R,,,
GNSS OUTPUT CORRECTION - L,GNSS OUTPUT CORRECTION - L,GNSS OUTPUT CORRECTION - L,,,
GNSS OUTPUT CORRECTION - R,GNSS OUTPUT CORRECTION - R,GNSS OUTPUT CORRECTION - R,,,
GP ARM,GP ARM,GP ARM,,,
GP ENGAGE,GP ENGAGE,GP ENGAGE,,,
GPIRU/IRU SELECT,GPIRU/IRU SELECT,GPIRU/IRU SELECT,,,
GPS APPROACH,GPS APPROACH,GPS APPROACH,,,
GPWC FAILURE,GPWC FAILURE,GPWC FAILURE,,,
GPWC V1 CALLOUT ENABLE C,GPWC V1 CALLOUT ENABLE C,GPWC V1 CALLOUT ENABLE C,,,
GPWC V1 CALLOUT ENABLE FO,GPWC V1 CALLOUT ENABLE FO,GPWC V1 CALLOUT ENABLE FO,,,
GPWS ALERT,GPWS ALERT,GPWS ALERT,,,
GPWS INOP,GPWS INOP,GPWS INOP,,,
GPWS WARNING,GPWS WARNING,GPWS WARNING,,,
GROSS WEIGHT,GROSS WEIGHT,GROSS WEIGHT,,,
GROUND EFFECT INOP,GROUND EFFECT INOP,GROUND EFFECT INOP,,,
GROUND SPEED,GROUND SPEED,GROUND SPEED,,,
GROUND SPOILER/SPD BRK,GROUND SPOILER/SPD BRK,GROUND SPOILER/SPD BRK,,,
GUIDANCE CUE X POSITION,GUIDANCE CUE X POSITION,GUIDANCE CUE X POSITION,,,
GUIDANCE CUE Y POSITION,GUIDANCE CUE Y POSITION,GUIDANCE CUE Y POSITION,,,
GUIDANCE CUE/FLT PATH DEV,GUIDANCE CUE/FLT PATH DEV,GUIDANCE CUE/FLT PATH DEV,,,
HDG SEL PB LITE,HDG SEL PB LITE,HDG SEL PB LITE,,,
HDG SELECT,HDG SELECT,HDG SELECT,,,
HEADING UP MAP FMT CAPT,HEADING UP MAP FMT CAPT,HEADING UP MAP FMT CAPT,,,
HEADING UP MAP FMT F/O,HEADING UP MAP FMT F/O,HEADING UP MAP FMT F/O,,,
HF-LEFT KEYING,HF-LEFT KEYING,HF-LEFT KEYING,,,
HF-RIGHT KEYING,HF-RIGHT KEYING,HF-RIGHT KEYING,,,
HG SELECTED CAPT,HG SELECTED CAPT,HG SELECTED CAPT,,,
HG SELECTED F/O,HG SELECTED F/O,HG SELECTED F/O,,,
HIGH SPD BUFFET SPD,HIGH SPD BUFFET SPD,HIGH SPD BUFFET SPD,,,
HPA SELECTED CAPT,HPA SELECTED CAPT,HPA SELECTED CAPT,,,
HPA SELECTED F/O,HPA SELECTED F/O,HPA SELECTED F/O,,,
HUD AIII CAPABILITY,HUD AIII CAPABILITY,HUD AIII CAPABILITY,,,
HUD AIII MODE or EFVS In Use Mod,HUD AIII MODE OR EFVS IN USE MOD,HUD AIII MODE or EFVS In Use Mode,,,
HUD APPROACH WARNING,HUD APPROACH WARNING,HUD APPROACH WARNING,,,
HUD HGS BIT FAULT or AIII ANNUN,HUD HGS BIT FAULT OR AIII ANNUN,HUD HGS BIT FAULT or AIII ANNUN,,,
HUD IN USE COMBINER POSN,HUD IN USE COMBINER POSN,HUD IN USE COMBINER POSN,,,
HUD INST METEORO COND or Coded,HUD INST METEORO COND OR CODED,HUD INST METEORO COND or Coded,,,
HUD VISUAL METEORO COND or Co+A7,HUD VISUAL METEORO COND OR CO+A7,HUD VISUAL METEORO COND or Coded,,,
HYD OIL PRESSURE SYS A,HYD OIL PRESSURE SYS A,HYD OIL PRESSURE SYS A,,,
HYD OIL PRESSURE SYS B,HYD OIL PRESSURE SYS B,HYD OIL PRESSURE SYS B,,,
HYD SYS A ELEC,HYD SYS A ELEC,HYD SYS A ELEC,,,
HYD SYS A ENG - 1,HYD SYS A ENG - 1,HYD SYS A ENG - 1,,,
HYD SYS B ELEC,HYD SYS B ELEC,HYD SYS B ELEC,,,
HYD SYS B ENG - 2,HYD SYS B ENG - 2,HYD SYS B ENG - 2,,,
HYD SYS STBY,HYD SYS STBY,HYD SYS STBY,,,
HYDRAULIC OIL QTY SYS A,HYDRAULIC OIL QTY SYS A,HYDRAULIC OIL QTY SYS A,,,
HYDRAULIC OIL QTY SYS B,HYDRAULIC OIL QTY SYS B,HYDRAULIC OIL QTY SYS B,,,
IAS DISPLAY,IAS DISPLAY,IAS DISPLAY,,,
ILS DEV WARN,ILS DEV WARN,ILS DEV WARN,,,
ILS FAILURE - L,ILS FAILURE - L,ILS FAILURE - L,,,
ILS FAILURE - R,ILS FAILURE - R,ILS FAILURE - R,,,
ILS MODE - L,ILS MODE - L,ILS MODE - L,,,
ILS MODE - R,ILS MODE - R,ILS MODE - R,,,
ILS MODE-VOR-L,ILS MODE-VOR-L,ILS MODE-VOR-L,,,
ILS MODE-VOR-R,ILS MODE-VOR-R,ILS MODE-VOR-R,,,
ILS/MLS/GLS MODE SEL - L,ILS/MLS/GLS MODE SEL - L,ILS/MLS/GLS MODE SEL - L,,,
ILS/MLS/GLS MODE SEL - R,ILS/MLS/GLS MODE SEL - R,ILS/MLS/GLS MODE SEL - R,,,
ILS/VOR Encoded Freq-L,ILS/VOR ENCODED FREQ-L,ILS FREQ/GLS CHNL - L,,,
ILS/VOR Encoded Freq-R,ILS/VOR ENCODED FREQ-R,ILS FREQ/GLS CHNL - R,,,
INERTIAL VERT SPD,INERTIAL VERT SPD,INERTIAL VERT SPD,,,
INNER MARKER (3000 HZ),INNER MARKER (3000 HZ),INNER MARKER (3000 HZ),,,
INPUT DATA - L,INPUT DATA - L,INPUT DATA - L,,,
INPUT DATA - R,INPUT DATA - R,INPUT DATA - R,,,
IR A/C IDENT CODE INVALID,IR A/C IDENT CODE INVALID,IR A/C IDENT CODE INVALID,,,
IR FAULT,IR FAULT,IR FAULT,,,
IR TO ADR DATA INVALID,IR TO ADR DATA INVALID,IR TO ADR DATA INVALID,,,
IRNAV CAPABLE,IRNAV CAPABLE,IRNAV CAPABLE,,,
IRS SELECT SW - CAPT,IRS SELECT SW - CAPT,IRS SELECT SW - CAPT,,,
L NAV ENGAGE,L NAV ENGAGE,L NAV ENGAGE,,,
LAND 2 (PFD),LAND 2 (PFD),LAND 2 (PFD),,,
LAND 3 (PFD),LAND 3 (PFD),LAND 3 (PFD),,,
LAT POS<35FT,LAT POS<35FT,LAT POS<35FT,,,
LAT POS<45/40FT,LAT POS<45/40FT,LAT POS<45/40FT,,,
LAT POS>35FT,LAT POS>35FT,LAT POS>35FT,,,
LATERAL ACCELERATION,LATERAL ACCELERATION,LATERAL ACCELERATION,,,
LAVATORY SMOKE,LAVATORY SMOKE,LAVATORY SMOKE,,,
LE CRUISE DEP,LE CRUISE DEP,LE CRUISE DEP,,,
LE FLAP 1 EXTEND,FLAPEXT_1,LE FLAP 1 EXTEND,object,V,V
LE FLAP 1 INTRANSIT,FLAPTRANS_1,LE FLAP 1 INTRANSIT,object,V,V
LE FLAP 2 EXTEND,FLAPEXT_2,LE FLAP 2 EXTEND,object,V,V
LE FLAP 2 INTRANSIT,FLAPTRANS_2,LE FLAP 2 INTRANSIT,object,V,V
LE FLAP 3 EXTEND,FLAPEXT_3,LE FLAP 3 EXTEND,object,V,V
LE FLAP 3 INTRANSIT,FLAPTRANS_3,LE FLAP 3 INTRANSIT,object,V,V
LE FLAP 4 EXTEND,FLAPEXT_4,LE FLAP 4 EXTEND,object,V,V
LE FLAP 4 INTRANSIT,FLAPTRANS_4,LE FLAP 4 INTRANSIT,object,V,V
LE MASTER EXTEND,LE MASTER EXTEND,LE MASTER EXTEND,,,
LE MASTER INTRANSIT,LE MASTER INTRANSIT,LE MASTER INTRANSIT,,,
LE SLAT 1 EXTEND,LE SLAT 1 EXTEND,LE SLAT 1 EXTEND,,,
LE SLAT 1 FULL EXTEND,LE SLAT 1 FULL EXTEND,LE SLAT 1 FULL EXTEND,,,
LE SLAT 1 INTRANSIT,LE SLAT 1 INTRANSIT,LE SLAT 1 INTRANSIT,,,
LE SLAT 2 EXTEND,LE SLAT 2 EXTEND,LE SLAT 2 EXTEND,,,
LE SLAT 2 FULL EXTEND,LE SLAT 2 FULL EXTEND,LE SLAT 2 FULL EXTEND,,,
LE SLAT 2 INTRANSIT,LE SLAT 2 INTRANSIT,LE SLAT 2 INTRANSIT,,,
LE SLAT 3 EXTEND,LE SLAT 3 EXTEND,LE SLAT 3 EXTEND,,,
LE SLAT 3 FULL EXTEND,LE SLAT 3 FULL EXTEND,LE SLAT 3 FULL EXTEND,,,
LE SLAT 3 INTRANSIT,LE SLAT 3 INTRANSIT,LE SLAT 3 INTRANSIT,,,
LE SLAT 4 EXTEND,LE SLAT 4 EXTEND,LE SLAT 4 EXTEND,,,
LE SLAT 4 FULL EXTEND,LE SLAT 4 FULL EXTEND,LE SLAT 4 FULL EXTEND,,,
LE SLAT 4 INTRANSIT,LE SLAT 4 INTRANSIT,LE SLAT 4 INTRANSIT,,,
LE SLAT 5 EXTEND,LE SLAT 5 EXTEND,LE SLAT 5 EXTEND,,,
LE SLAT 5 FULL EXTEND,LE SLAT 5 FULL EXTEND,LE SLAT 5 FULL EXTEND,,,
LE SLAT 5 INTRANSIT,LE SLAT 5 INTRANSIT,LE SLAT 5 INTRANSIT,,,
LE SLAT 6 EXTEND,LE SLAT 6 EXTEND,LE SLAT 6 EXTEND,,,
LE SLAT 6 FULL EXTEND,LE SLAT 6 FULL EXTEND,LE SLAT 6 FULL EXTEND,,,
LE SLAT 6 INTRANSIT,LE SLAT 6 INTRANSIT,LE SLAT 6 INTRANSIT,,,
LE SLAT 7 EXTEND,LE SLAT 7 EXTEND,LE SLAT 7 EXTEND,,,
LE SLAT 7 FULL EXTEND,LE SLAT 7 FULL EXTEND,LE SLAT 7 FULL EXTEND,,,
LE SLAT 7 INTRANSIT,LE SLAT 7 INTRANSIT,LE SLAT 7 INTRANSIT,,,
LE SLAT 8 EXTEND,LE SLAT 8 EXTEND,LE SLAT 8 EXTEND,,,
LE SLAT 8 FULL EXTEND,LE SLAT 8 FULL EXTEND,LE SLAT 8 FULL EXTEND,,,
LE SLAT 8 INTRANSIT,LE SLAT 8 INTRANSIT,LE SLAT 8 INTRANSIT,,,
LE UCM (UNCOMMANDED MOTION),LE UCM (UNCOMMANDED MOTION),LE UCM (UNCOMMANDED MOTION),,,
LE UCM SHUTOFF,LE UCM SHUTOFF,LE UCM SHUTOFF,,,
LEFT ECS PACK FLOW,LEFT ECS PACK FLOW,LEFT ECS PACK FLOW,,,
LEFT ECS PACK ON,LEFT ECS PACK ON,LEFT ECS PACK ON,,,
LEFT EGT NORM AMB LIMIT,LEFT EGT NORM AMB LIMIT,LEFT EGT NORM AMB LIMIT,,,
LEFT EGT NORM REDLINE,LEFT EGT NORM REDLINE,LEFT EGT NORM REDLINE,,,
LEFT EGT START REDLINE,LEFT EGT START REDLINE,LEFT EGT START REDLINE,,,
LEFT ENG HOT START DETECT,LEFT ENG HOT START DETECT,LEFT ENG HOT START DETECT,,,
LEFT ENG N1 TACHOMETER,LEFT ENG N1 TACHOMETER,LEFT ENG N1 TACHOMETER,,,
LEFT ENG N2 TACHOMETER,LEFT ENG N2 TACHOMETER,LEFT ENG N2 TACHOMETER,,,
LEFT ENGINE FAIL,LEFT ENGINE FAIL,LEFT ENGINE FAIL,,,
LEFT EXC INVALID,LEFT EXC INVALID,LEFT EXC INVALID,,,
LEFT FUEL FILTER IMP BY,LEFT FUEL FILTER IMP BY,LEFT FUEL FILTER IMP BY,,,
LEFT GEAR DOWN,LEFT GEAR DOWN,LEFT GEAR DOWN,,,
LEFT GEAR RED WARN,LEFT GEAR RED WARN,LEFT GEAR RED WARN,,,
LEFT IGN (#2) CMD ON #1,LEFT IGN (#2) CMD ON #1,LEFT IGN (#2) CMD ON #1,,,
LEFT IGN (#2) CMD ON #2,LEFT IGN (#2) CMD ON #2,LEFT IGN (#2) CMD ON #2,,,
LEFT LOW OIL PRESS AMB,LEFT LOW OIL PRESS AMB,LEFT LOW OIL PRESS AMB,,,
LEFT LOW OIL PRESS CAUT,LEFT LOW OIL PRESS CAUT,LEFT LOW OIL PRESS CAUT,,,
LEFT LOW OIL PRESS RED,LEFT LOW OIL PRESS RED,LEFT LOW OIL PRESS RED,,,
LEFT MAIN FUEL QTY,LEFT MAIN FUEL QTY,LEFT MAIN FUEL QTY,,,
LEFT MAIN GEAR AIR/GND,LEFT MAIN GEAR AIR/GND,LEFT MAIN GEAR AIR/GND,,,
LEFT N1 REDLINE EXC,LEFT N1 REDLINE EXC,LEFT N1 REDLINE EXC,,,
LEFT N2 REDLINE EXC,LEFT N2 REDLINE EXC,LEFT N2 REDLINE EXC,,,
LEFT OIL PRESS REDLINE,LEFT OIL PRESS REDLINE,LEFT OIL PRESS REDLINE,,,
LEFT OIL TEMP AMB LIMIT,LEFT OIL TEMP AMB LIMIT,LEFT OIL TEMP AMB LIMIT,,,
LEFT OIL TEMP REDLINE,LEFT OIL TEMP REDLINE,LEFT OIL TEMP REDLINE,,,
LEFT PITOT HEAT,LEFT PITOT HEAT,LEFT PITOT HEAT,,,
LEFT STARTER VLV OPEN,LEFT STARTER VLV OPEN,LEFT STARTER VLV OPEN,,,
LEFT T/R DEPLOYED,LEFT T/R DEPLOYED,LEFT T/R DEPLOYED,,,
LEFT T/R INTRANSIT,LEFT T/R INTRANSIT,LEFT T/R INTRANSIT,,,
LEVEL CHANGE PB LITE,LEVEL CHANGE PB LITE,LEVEL CHANGE PB LITE,,,
LIB DISPLAY UNIT DRIVEN,LIB DISPLAY UNIT DRIVEN,LIB DISPLAY UNIT DRIVEN,,,
LIB DU FORMAT,LIB DU FORMAT,LIB DU FORMAT,,,
LIGHT OFF REF/STATUS #1,LIGHT OFF REF/STATUS #1,LIGHT OFF REF/STATUS #1,,,
LIGHT OFF REF/STATUS #2,LIGHT OFF REF/STATUS #2,LIGHT OFF REF/STATUS #2,,,
LNAV PB LITE,LNAV PB LITE,LNAV PB LITE,,,
LOB DISPLAY UNIT DRIVEN,LOB DISPLAY UNIT DRIVEN,LOB DISPLAY UNIT DRIVEN,,,
LOB DU FORMAT,LOB DU FORMAT,LOB DU FORMAT,,,
LOC BEAM ANOM (ANNUN),LOC BEAM ANOM (ANNUN),LOC BEAM ANOM (ANNUN),,,
LOC DEV WARN,LOC DEV WARN,LOC DEV WARN,,,
LOC ENGAGED,LOC ENGAGED,LOC ENGAGED,,,
LOCAL LIMITED MASTER - L,LOCAL LIMITED MASTER - L,LOCAL LIMITED MASTER - L,,,
LOCAL LIMITED MASTER - R,LOCAL LIMITED MASTER - R,LOCAL LIMITED MASTER - R,,,
LOCAL RUD ENGAGE L,LOCAL RUD ENGAGE L,LOCAL RUD ENGAGE L,,,
LOCAL RUD ENGAGE R,LOCAL RUD ENGAGE R,LOCAL RUD ENGAGE R,,,
LOCALIZER ANTENNA FAIL-L,LOCALIZER ANTENNA FAIL-L,LOCALIZER ANTENNA FAIL-L,,,
LOCALIZER ANTENNA FAIL-R,LOCALIZER ANTENNA FAIL-R,LOCALIZER ANTENNA FAIL-R,,,
LOCALIZER DEV,LOCALIZER DEV,LOCALIZER DEV,,,
LOCALIZER DEV/AZIMUTH - L,LOCALIZER DEV/AZIMUTH - L,LOCALIZER DEV/AZIMUTH - L,,,
LOCALIZER DEV/AZIMUTH - R,LOCALIZER DEV/AZIMUTH - R,LOCALIZER DEV/AZIMUTH - R,,,
LOCALIZER RECEIVER FAIL-L,LOCALIZER RECEIVER FAIL-L,LOCALIZER RECEIVER FAIL-L,,,
LOCALIZER RECEIVER FAIL-R,LOCALIZER RECEIVER FAIL-R,LOCALIZER RECEIVER FAIL-R,,,
LONG POS<2250FT,LONG POS<2250FT,LONG POS<2250FT,,,
LONGITUDINAL ACCELERATION,LONGITUDINAL ACCELERATION,LONGITUDINAL ACCELERATION,,,
LOW FUEL QTY TANK 1,LOW FUEL QTY TANK 1,LOW FUEL QTY TANK 1,,,
LOW FUEL QTY TANK 2,LOW FUEL QTY TANK 2,LOW FUEL QTY TANK 2,,,
LOW OIL PRESS CAUTION #1,LOW OIL PRESS CAUTION #1,LOW OIL PRESS CAUTION #1,,,
LOW OIL PRESS CAUTION #2,LOW OIL PRESS CAUTION #2,LOW OIL PRESS CAUTION #2,,,
LOW-VIS TAKEOFF/No Flare Annun,LOW-VIS TAKEOFF/NO FLARE ANNUN,LOW-VISIBILITY TAKEOFF or No Flare Annun,,,
LPT IMB ACCEL SOURCE L,LPT IMB ACCEL SOURCE L,LPT IMB ACCEL SOURCE L,,,
LPT IMB ACCEL SOURCE R,LPT IMB ACCEL SOURCE R,LPT IMB ACCEL SOURCE R,,,
LPT IMBALANCE ANGLE L,LPT IMBALANCE ANGLE L,LPT IMBALANCE ANGLE L,,,
LPT IMBALANCE ANGLE R,LPT IMBALANCE ANGLE R,LPT IMBALANCE ANGLE R,,,
LRRA L RECEIVE ANTENNA,LRRA L RECEIVE ANTENNA,LRRA L RECEIVE ANTENNA,,,
LRRA L TRANSMIT ANTENNA,LRRA L TRANSMIT ANTENNA,LRRA L TRANSMIT ANTENNA,,,
LRRA LEFT FAILURE,LRRA LEFT FAILURE,LRRA LEFT FAILURE,,,
LRRA R RECEIVE ANTENNA,LRRA R RECEIVE ANTENNA,LRRA R RECEIVE ANTENNA,,,
LRRA R TRANSMIT ANTENNA,LRRA R TRANSMIT ANTENNA,LRRA R TRANSMIT ANTENNA,,,
LRRA RIGHT FAILURE,LRRA RIGHT FAILURE,LRRA RIGHT FAILURE,,,
MACH,MACH,MACH,,,
MACH TRIM CMD,MACH TRIM CMD,MACH TRIM CMD,,,
MACH TRIM CMD FEEDBACK,MACH TRIM CMD FEEDBACK,MACH TRIM CMD FEEDBACK,,,
MACH TRIM SERVO BRK STAT,MACH TRIM SERVO BRK STAT,MACH TRIM SERVO BRK STAT,,,
MAIN CARGO SMOKE,MAIN CARGO SMOKE,MAIN CARGO SMOKE,,,
MAIN/ALT BRAKE SELECT,MAIN/ALT BRAKE SELECT,MAIN/ALT BRAKE SELECT,,,
MANUFACTURER CODE,MANUFACTURER CODE,,,,
MAP MODE SELECTED CAPT,MAP MODE SELECTED CAPT,MAP MODE SELECTED CAPT,,,
MAP MODE SELECTED F/O,MAP MODE SELECTED F/O,MAP MODE SELECTED F/O,,,
MASTER CAUTION,MASTER CAUTION,MASTER CAUTION,,,
MAX ALLOWABLE AIRSPEED,MAX ALLOWABLE AIRSPEED,MAX ALLOWABLE AIRSPEED,,,
MB FAILURE - L,MB FAILURE - L,MB FAILURE - L,,,
MB FAILURE - R,MB FAILURE - R,MB FAILURE - R,,,
MCP SPEED - A/T,MCP SPEED - A/T,MCP SPEED - A/T,,,
MCP SPEED - FCC,MCP SPEED - FCC,MCP SPEED - FCC,,,
MDA HIGH ALTITUDE OPTION - CAPT,MDA HIGH ALTITUDE OPTION - CAPT,MDA HIGH ALTITUDE OPTION - CAPT,,,
MDA HIGH ALTITUDE OPTION - F/O,MDA HIGH ALTITUDE OPTION - F/O,MDA HIGH ALTITUDE OPTION - F/O,,,
MDA SEL CAPT,MDA SEL CAPT,MDA SELECTED CAPT,,,
MDA SEL F/O,MDA SEL F/O,MDA SELECTED F/O,,,
MDA SELECTED CAPT,MDA SELECTED CAPT,MDA SELECTED CAPT,,,
MDA SELECTED F/O,MDA SELECTED F/O,MDA SELECTED F/O,,,
METERS SELECTED CAPT,METERS SELECTED CAPT,METERS SELECTED CAPT,,,
METERS SELECTED F/O,METERS SELECTED F/O,METERS SELECTED F/O,,,
MIDDLE MARKER (1300 HZ),MIDDLE MARKER (1300 HZ),MIDDLE MARKER (1300 HZ),,,
MIN SPEED,MIN SPEED,MIN SPEED,,,
MINIMUMS,MINIMUMS,MINIMUMS,,,
MLS ANTENNA SOURCE - L,MLS ANTENNA SOURCE - L,MLS ANTENNA SOURCE - L,,,
MLS ANTENNA SOURCE - R,MLS ANTENNA SOURCE - R,MLS ANTENNA SOURCE - R,,,
MLS DIRECT ANT SEL CMD ACK - L,MLS DIRECT ANT SEL CMD ACK - L,MLS DIRECT ANT SEL CMD ACK - L,,,
MLS DIRECT ANT SEL CMD ACK - R,MLS DIRECT ANT SEL CMD ACK - R,MLS DIRECT ANT SEL CMD ACK - R,,,
MLS Encoded Chan-L,MLS ENCODED CHAN-L,ILS FREQ/GLS CHNL - L,,,
MLS Encoded Chan-R,MLS ENCODED CHAN-R,ILS FREQ/GLS CHNL - R,,,
MLS MODE - L,MLS MODE - L,MLS MODE - L,,,
MLS MODE - R,MLS MODE - R,MLS MODE - R,,,
MODE S ADDRESS PART 1,MODE S ADDRESS PART 1,MODE S ADDRESS PART 1,,,
MODE S ADDRESS PART 2,MODE S ADDRESS PART 2,MODE S ADDRESS PART 2,,,
MONTH,MONTH,MONTH,,,
MOTOR PWR APP FROM ASM 1,MOTOR PWR APP FROM ASM 1,MOTOR PWR APP FROM ASM 1,,,
MOTOR PWR APP FROM ASM 2,MOTOR PWR APP FROM ASM 2,MOTOR PWR APP FROM ASM 2,,,
N1 - A/T MODE,N1 - A/T MODE,N1 - A/T MODE,,,
N1 #1 CMD INDICATED,N1 #1 CMD INDICATED,N1 #1 CMD INDICATED,,,
N1 #2 CMD INDICATED,N1 #2 CMD INDICATED,N1 #2 CMD INDICATED,,,
N1 BUG DRIVE ENG 1,N1 BUG DRIVE ENG 1,N1 BUG DRIVE ENG 1,,,
N1 BUG DRIVE ENG 2,N1 BUG DRIVE ENG 2,N1 BUG DRIVE ENG 2,,,
N1 LIMIT MODE,N1 LIMIT MODE,N1 LIMIT MODE,,,
N1 LIMIT MODE CMD,N1 LIMIT MODE CMD,N1 LIMIT MODE CMD,,,
N1 PB LITE,N1 PB LITE,N1 PB LITE,,,
N1 REDLINE EXC #1,N1 REDLINE EXC #1,N1 REDLINE EXC #1,,,
N1 REDLINE EXC #2,N1 REDLINE EXC #2,N1 REDLINE EXC #2,,,
N1 REFERENCE SET #1,N1 REFERENCE SET #1,N1 REFERENCE SET #1,,,
N1 REFERENCE SET #2,N1 REFERENCE SET #2,N1 REFERENCE SET #2,,,
N1 SET SELECT,N1 SET SELECT,N1 SET SELECT,,,
N1 TRIM #1,N1 TRIM #1,N1 TRIM #1,,,
N1 TRIM #2,N1 TRIM #2,N1 TRIM #2,,,
N2 REDLINE EXC #1,N2 REDLINE EXC #1,N2 REDLINE EXC #1,,,
N2 REDLINE EXC #2,N2 REDLINE EXC #2,N2 REDLINE EXC #2,,,
NAV MODE,NAV MODE,NAV MODE,,,
NDB EFFECTIVITY DAY,NDB EFFECTIVITY DAY,NDB EFFECTIVITY DAY,,,
NDB EFFECTIVITY MONTH,NDB EFFECTIVITY MONTH,NDB EFFECTIVITY MONTH,,,
NDB EFFECTIVITY YEAR,NDB EFFECTIVITY YEAR,NDB EFFECTIVITY YEAR,,,
NO AUTOLAND (ADV),NO AUTOLAND (ADV),NO AUTOLAND (ADV),,,
NO AUTOLAND (PFD),NO AUTOLAND (PFD),NO AUTOLAND (PFD),,,
NO BARO 1 DATA,NO BARO 1 DATA,NO BARO 1 DATA,,,
NO BARO 2 DATA,NO BARO 2 DATA,NO BARO 2 DATA,,,
NO ENG LIGHTOFF DECT #1,NO ENG LIGHTOFF DECT #1,NO ENG LIGHTOFF DECT #1,,,
NO ENG LIGHTOFF DECT #2,NO ENG LIGHTOFF DECT #2,NO ENG LIGHTOFF DECT #2,,,
NO GLS AUTOLAND (ADV),NO GLS AUTOLAND (ADV),NO GLS AUTOLAND (ADV),,,
NO GLS LAND3 (ADV),NO GLS LAND3 (ADV),NO GLS LAND3 (ADV),,,
NO ILS AUTOLAND (ADV),NO ILS AUTOLAND (ADV),NO ILS AUTOLAND (ADV),,,
NO ILS LAND3 (ADV),NO ILS LAND3 (ADV),NO ILS LAND3 (ADV),,,
NO IR INITIALIZATION,NO IR INITIALIZATION,NO IR INITIALIZATION,,,
NO IR TO ADR DATA,NO IR TO ADR DATA,NO IR TO ADR DATA,,,
NO LAND 3 (ADV),NO LAND 3 (ADV),NO LAND 3 (ADV),,,
NO PITOT ADM DATA,NO PITOT ADM DATA,NO PITOT ADM DATA,,,
NO STATIC ADM DATA,NO STATIC ADM DATA,NO STATIC ADM DATA,,,
NOISE ABATEMENT MODE,NOISE ABATEMENT MODE,NOISE ABATEMENT MODE,,,
NOSE GEAR AIR/GND,NOSE GEAR AIR/GND,NOSE GEAR AIR/GND,,,
NOSE GEAR DOWN,NOSE GEAR DOWN,NOSE GEAR DOWN,,,
NOSE GEAR RED WARN,NOSE GEAR RED WARN,NOSE GEAR RED WARN,,,
OBSTACLE WARNING,OBSTACLE WARNING,OBSTACLE WARNING,,,
OIL FILTER IMP BYPASS #1,OIL FILTER IMP BYPASS #1,OIL FILTER IMP BYPASS #1,,,
OIL FILTER IMP BYPASS #2,OIL FILTER IMP BYPASS #2,OIL FILTER IMP BYPASS #2,,,
OIL PRES AMB LIMIT ENG #1,OIL PRES AMB LIMIT ENG #1,OIL PRES AMB LIMIT ENG #1,,,
OIL PRES AMB LIMIT ENG #2,OIL PRES AMB LIMIT ENG #2,OIL PRES AMB LIMIT ENG #2,,,
OIL PRES REDLINE RANGE #1,OIL PRES REDLINE RANGE #1,OIL PRES REDLINE RANGE #1,,,
OIL PRES REDLINE RANGE #2,OIL PRES REDLINE RANGE #2,OIL PRES REDLINE RANGE #2,,,
OIL TEMP AMB LIMIT EXC #1,OIL TEMP AMB LIMIT EXC #1,OIL TEMP AMB LIMIT EXC #1,,,
OIL TEMP AMB LIMIT EXC #2,OIL TEMP AMB LIMIT EXC #2,OIL TEMP AMB LIMIT EXC #2,,,
OIL TEMP REDLINE EXC #1,OIL TEMP REDLINE EXC #1,OIL TEMP REDLINE EXC #1,,,
OIL TEMP REDLINE EXC #2,OIL TEMP REDLINE EXC #2,OIL TEMP REDLINE EXC #2,,,
ON DC,ON DC,ON DC,,,
ON TAXIWAY,ON TAXIWAY,ON TAXIWAY,,,
ORIGIN CHARACTER #1,ORIGIN CHARACTER #1,ORIGIN CHARACTER #1,,,
ORIGIN CHARACTER #2,ORIGIN CHARACTER #2,ORIGIN CHARACTER #2,,,
ORIGIN CHARACTER #3,ORIGIN CHARACTER #3,ORIGIN CHARACTER #3,,,
ORIGIN CHARACTER #4,ORIGIN CHARACTER #4,ORIGIN CHARACTER #4,,,
OUTER MARKER (400 HZ),OUTER MARKER (400 HZ),OUTER MARKER (400 HZ),,,
OVERSPEED WARNING OUTPUT,OVERSPEED WARNING OUTPUT,OVERSPEED WARNING OUTPUT,,,
PFD/ND DISPLAY FMT CAPT,PFD/ND DISPLAY FMT CAPT,PFD/ND DISPLAY FMT CAPT,,,
PFD/ND DISPLAY FMT F/O,PFD/ND DISPLAY FMT F/O,PFD/ND DISPLAY FMT F/O,,,
PITCH MODE FAIL (ANNUN),PITCH MODE FAIL (ANNUN),PITCH MODE FAIL (ANNUN),,,
PITCH TRIM POSITION,PITCHTRIMPOS,PITCH TRIM POSITION,numeric,,V
PITOT ADM DATA INVALID,PITOT ADM DATA INVALID,PITOT ADM DATA INVALID,,,
PLAN MODE SELECTED CAPT,PLAN MODE SELECTED CAPT,PLAN MODE SELECTED CAPT,,,
PLAN MODE SELECTED F/O,PLAN MODE SELECTED F/O,PLAN MODE SELECTED F/O,,,
PMC-L ON,PMC-L ON,PMC-L ON,,,
PMC-R ON,PMC-R ON,PMC-R ON,,,
POSITION DATA SEL CAPT,POSITION DATA SEL CAPT,POSITION DATA SEL CAPT,,,
POSITION DATA SEL F/O,POSITION DATA SEL F/O,POSITION DATA SEL F/O,,,
PRE WINDSHEAR,PRE WINDSHEAR,PRE WINDSHEAR,,,
PRES POSN LAT,PRES POSN LAT,PRES POSN LAT,,,
PRES POSN LAT-FMC,PRES POSN LAT-FMC,PRES POSN LAT,,,
PRES POSN LONG,PRES POSN LONG,PRES POSN LONG,,,
PRES POSN LONG-FMC,PRES POSN LONG-FMC,PRES POSN LONG,,,
PRIMARY AOA HEAT,PRIMARY AOA HEAT,PRIMARY AOA HEAT,,,
Primary Mode,PRIMARY MODE,Primary Mode,,,
PROV SPARE - FMC MAP CHAR 7,PROV SPARE - FMC MAP CHAR 7,PROVISIONAL SPARE - FMC MAP CHAR 7,,,
PROV SPARE - FMC MAP CHAR 8,PROV SPARE - FMC MAP CHAR 8,PROVISIONAL SPARE - FMC MAP CHAR 8,,,
PT TAXI INHIBIT #1,PT TAXI INHIBIT #1,PT TAXI INHIBIT #1,,,
PT TAXI INHIBIT #2,PT TAXI INHIBIT #2,PT TAXI INHIBIT #2,,,
PULL UP,PULL UP,PULL UP,,,
RA HEALTH,RA HEALTH,RA HEALTH,,,
RAAS,RAAS,RAAS BIT 29,,,
RAAS SSM,RAAS SSM,RAAS SSM,,,
RADIO HEIGHT - DISPLAYED,RADIO HEIGHT - DISPLAYED,RADIO HEIGHT - DISPLAYED,,,
RADIO HEIGHT - LEFT LRRA,RADIO HEIGHT - LEFT LRRA,RADIO HEIGHT - LEFT LRRA,,,
RADIO HEIGHT - RIGHT LRRA,RADIO HEIGHT - RIGHT LRRA,RADIO HEIGHT - RIGHT LRRA,,,
RADIO HEIGHT SSM - LEFT LRRA,RADIO HEIGHT SSM - LEFT LRRA,RADIO HEIGHT SSM - LEFT LRRA,,,
RADIO HEIGHT SSM - RIGHT LRRA,RADIO HEIGHT SSM - RIGHT LRRA,RADIO HEIGHT SSM - RIGHT LRRA,,,
RANGE SELECT CAPT,RANGE SELECT CAPT,RANGE SELECT CAPT,,,
RANGE SELECT F/O,RANGE SELECT F/O,RANGE SELECT F/O,,,
READY TO LOAD,READY TO LOAD,READY TO LOAD,,,
REDUCED (DERATE),REDUCED (DERATE),REDUCED (DERATE),,,
REF SPEED SELECT,REF SPEED SELECT,REF SPEED SELECT,,,
RESERVED ACVR #2,RESERVED ACVR #2,RESERVED ACVR #2,,,
RETARD,RETARD,RETARD,,,
REV ATTITUDE MODE,REV ATTITUDE MODE,REV ATTITUDE MODE,,,
REV THR #1 LMT BY T/R POS,REV THR #1 LMT BY T/R POS,REV THR #1 LMT BY T/R POS,,,
REV THR #2 LMT BY T/R POS,REV THR #2 LMT BY T/R POS,REV THR #2 LMT BY T/R POS,,,
RIB DISPLAY UNIT DRIVEN,RIB DISPLAY UNIT DRIVEN,RIB DISPLAY UNIT DRIVEN,,,
RIB DU FORMAT,RIB DU FORMAT,RIB DU FORMAT,,,
RIGHT ECS PACK FLOW,RIGHT ECS PACK FLOW,RIGHT ECS PACK FLOW,,,
RIGHT ECS PACK ON,RIGHT ECS PACK ON,RIGHT ECS PACK ON,,,
RIGHT EGT NORM AMB LIMIT,RIGHT EGT NORM AMB LIMIT,RIGHT EGT NORM AMB LIMIT,,,
RIGHT EGT NORM REDLINE,RIGHT EGT NORM REDLINE,RIGHT EGT NORM REDLINE,,,
RIGHT EGT START REDLINE,RIGHT EGT START REDLINE,RIGHT EGT START REDLINE,,,
RIGHT ENG HOT START DETECT,RIGHT ENG HOT START DETECT,RIGHT ENG HOT START DETECT,,,
RIGHT ENG N1 TACHOMETER,RIGHT ENG N1 TACHOMETER,RIGHT ENG N1 TACHOMETER,,,
RIGHT ENG N2 TACHOMETER,RIGHT ENG N2 TACHOMETER,RIGHT ENG N2 TACHOMETER,,,
RIGHT ENGINE FAIL,RIGHT ENGINE FAIL,RIGHT ENGINE FAIL,,,
RIGHT EXC INVALID,RIGHT EXC INVALID,RIGHT EXC INVALID,,,
RIGHT FUEL FILTER IMP BY,RIGHT FUEL FILTER IMP BY,RIGHT FUEL FILTER IMP BY,,,
RIGHT GEAR DOWN,RIGHT GEAR DOWN,RIGHT GEAR DOWN,,,
RIGHT GEAR RED WARN,RIGHT GEAR RED WARN,RIGHT GEAR RED WARN,,,
RIGHT IGN (#2) CMD ON #1,RIGHT IGN (#2) CMD ON #1,RIGHT IGN (#2) CMD ON #1,,,
RIGHT IGN (#2) CMD ON #2,RIGHT IGN (#2) CMD ON #2,RIGHT IGN (#2) CMD ON #2,,,
RIGHT LOW OIL PRESS AMB,RIGHT LOW OIL PRESS AMB,RIGHT LOW OIL PRESS AMB,,,
RIGHT LOW OIL PRESS CAUT,RIGHT LOW OIL PRESS CAUT,RIGHT LOW OIL PRESS CAUT,,,
RIGHT LOW OIL PRESS RED,RIGHT LOW OIL PRESS RED,RIGHT LOW OIL PRESS RED,,,
RIGHT MAIN FUEL QTY,RIGHT MAIN FUEL QTY,RIGHT MAIN FUEL QTY,,,
RIGHT MAIN GEAR AIR/GND,RIGHT MAIN GEAR AIR/GND,RIGHT MAIN GEAR AIR/GND,,,
RIGHT N1 REDLINE EXC,RIGHT N1 REDLINE EXC,RIGHT N1 REDLINE EXC,,,
RIGHT N2 REDLINE EXC,RIGHT N2 REDLINE EXC,RIGHT N2 REDLINE EXC,,,
RIGHT OIL PRESS REDLINE,RIGHT OIL PRESS REDLINE,RIGHT OIL PRESS REDLINE,,,
RIGHT OIL TEMP AMB LIMIT,RIGHT OIL TEMP AMB LIMIT,RIGHT OIL TEMP AMB LIMIT,,,
RIGHT OIL TEMP REDLINE,RIGHT OIL TEMP REDLINE,RIGHT OIL TEMP REDLINE,,,
RIGHT STARTER VLV OPEN,RIGHT STARTER VLV OPEN,RIGHT STARTER VLV OPEN,,,
RIGHT STATIC HEAT,RIGHT STATIC HEAT,RIGHT STATIC HEAT,,,
RIGHT T/R DEPLOYED,RIGHT T/R DEPLOYED,RIGHT T/R DEPLOYED,,,
RIGHT T/R INTRANSIT,RIGHT T/R INTRANSIT,RIGHT T/R INTRANSIT,,,
RNP - LATERAL,RNP - LATERAL,RNP - LATERAL,,,
RNP - VERTICAL,RNP - VERTICAL,RNP - VERTICAL,,,
ROB DISPLAY UNIT DRIVEN,ROB DISPLAY UNIT DRIVEN,ROB DISPLAY UNIT DRIVEN,,,
ROB DU FORMAT,ROB DU FORMAT,ROB DU FORMAT,,,
ROLL MODE FAIL (ANNUN),ROLL MODE FAIL (ANNUN),ROLL MODE FAIL (ANNUN),,,
ROLL TRIM CMD L WING DOWN,ROLL TRIM CMD L WING DOWN,ROLL TRIM CMD L WING DOWN,,,
ROLL TRIM CMD R WING DOWN,ROLL TRIM CMD R WING DOWN,ROLL TRIM CMD R WING DOWN,,,
ROLLBACK OVERTEMP ACT #1,ROLLBACK OVERTEMP ACT #1,ROLLBACK OVERTEMP ACT #1,,,
ROLLBACK OVERTEMP ACT #2,ROLLBACK OVERTEMP ACT #2,ROLLBACK OVERTEMP ACT #2,,,
ROLLOUT ARMED,ROLLOUT ARMED,ROLLOUT ARMED,,,
Rollout Armed or Tailstrike Annu,ROLLOUT ARMED OR TAILSTRIKE ANNU,Resesrved (Rollout Armed) or Tailstrike Annun,,,
Rollout Caution or System Fail A,ROLLOUT CAUTION OR SYSTEM FAIL A,Resesrved (Rollout Caution) or System Fail Annun,,,
Rollout Eng or Excess Dev Annun,ROLLOUT ENG OR EXCESS DEV ANNUN,Resesrved (Rollout Engaged) or Excess Dev Annun,,,
ROLLOUT ENGAGED,ROLLOUT ENGAGED,ROLLOUT ENGAGED,,,
ROUTE DATA SEL CAPT,ROUTE DATA SEL CAPT,ROUTE DATA SEL CAPT,,,
ROUTE DATA SELECTED F/O,ROUTE DATA SELECTED F/O,ROUTE DATA SELECTED F/O,,,
RUD AMP MONITOR L,RUD AMP MONITOR L,RUD AMP MONITOR L,,,
RUD AMP MONITOR R,RUD AMP MONITOR R,RUD AMP MONITOR R,,,
RUD CMD - L,RUD CMD - L,RUD CMD - L,,,
RUD CMD - R,RUD CMD - R,RUD CMD - R,,,
RUD LANE CMD MISTRK L,RUD LANE CMD MISTRK L,RUD LANE CMD MISTRK L,,,
RUD LANE CMD MISTRK R,RUD LANE CMD MISTRK R,RUD LANE CMD MISTRK R,,,
RUD MOTOR CURRENT - L,RUD MOTOR CURRENT - L,RUD MOTOR CURRENT - L,,,
RUD MOTOR CURRENT - R,RUD MOTOR CURRENT - R,RUD MOTOR CURRENT - R,,,
RUD PEDAL FORCE,RUD PEDAL FORCE,RUD PEDAL FORCE,,,
RUD PEDAL POS,RUD PEDAL POS,RUD PEDAL POS,,,
RUD POS,RUD POS,RUD POS,,,
RUD POS FAULT,RUD POS FAULT,RUD POS FAULT,,,
RUD POS SYNCHRO (T-TUBE),RUD POS SYNCHRO (T-TUBE),RUD POS SYNCHRO (T-TUBE),,,
RUD POS-LVDT DEMOD-MAIN PCU,RUD POS-LVDT DEMOD-MAIN PCU,RUD POS-LVDT DEMOD-MAIN PCU,,,
RUD POS-LVDT DEMOD-STBY PCU,RUD POS-LVDT DEMOD-STBY PCU,RUD POS-LVDT DEMOD-STBY PCU,,,
RUD PRESS LIMIT,RUD PRESS LIMIT,RUD PRESS LIMIT,,,
RUD SERVO CMD-MAIN PCU,RUD SERVO CMD-MAIN PCU,RUD SERVO CMD-MAIN PCU,,,
RUD SERVO CMD-STBY PCU,RUD SERVO CMD-STBY PCU,RUD SERVO CMD-STBY PCU,,,
RUNWAY OVRD DISPLAYED,RUNWAY OVRD DISPLAYED,RUNWAY OVRD DISPLAYED,,,
RUNWAY POS DISPLAYED,RUNWAY POS DISPLAYED,RUNWAY POS DISPLAYED,,,
RUNWAY SYS DISPLAYED,RUNWAY SYS DISPLAYED,RUNWAY SYS DISPLAYED,,,
RX LBL 206 ACTIVITY INV,RX LBL 206 ACTIVITY INV,RX LBL 206 ACTIVITY INV,,,
RX LBL 206 PARITY INV,RX LBL 206 PARITY INV,RX LBL 206 PARITY INV,,,
RX LBL 206 SSM INV,RX LBL 206 SSM INV,RX LBL 206 SSM INV,,,
SAC/DAC ENG CONFIG #1,SAC/DAC ENG CONFIG #1,SAC/DAC ENG CONFIG #1,,,
SAC/DAC ENG CONFIG #2,SAC/DAC ENG CONFIG #2,SAC/DAC ENG CONFIG #2,,,
SAT COMM #1 KEYING,SAT COMM #1 KEYING,SAT COMM #1 KEYING,,,
SAT COMM #2 KEYING,SAT COMM #2 KEYING,SAT COMM #2 KEYING,,,
SECONDARY ENGINE,SECONDARY ENGINE,SECONDARY ENGINE,,,
SEL LANDING MODE STATUS - L,SEL LANDING MODE STATUS - L,SELECTED LANDING MODE STATUS - L,,,
SELECTED AIRSPEED,SELECTED AIRSPEED,SELECTED AIRSPEED,,,
SELECTED ALTITUDE,SELECTED ALTITUDE,SELECTED ALTITUDE,,,
SELECTED COURSE #1,SELECTED COURSE #1,SELECTED COURSE #1,,,
SELECTED COURSE #2,SELECTED COURSE #2,SELECTED COURSE #2,,,
SELECTED EGT (T495) #1,SELECTED EGT (T495) #1,SELECTED EGT (T495) #1,,,
SELECTED EGT (T495) #2,SELECTED EGT (T495) #2,SELECTED EGT (T495) #2,,,
SELECTED FMV POSITION #1,SELECTED FMV POSITION #1,SELECTED FMV POSITION #1,,,
SELECTED FMV POSITION #2,SELECTED FMV POSITION #2,SELECTED FMV POSITION #2,,,
SELECTED FUEL FLOW #1,SELECTED FUEL FLOW #1,SELECTED FUEL FLOW #1,,,
SELECTED FUEL FLOW #2,SELECTED FUEL FLOW #2,SELECTED FUEL FLOW #2,,,
SELECTED HEADING,SELECTED HEADING,SELECTED HEADING,,,
SELECTED MACH,SELECTED MACH,SELECTED MACH,,,
SELECTED N1 INDICATED #1,SELECTED N1 INDICATED #1,SELECTED N1 INDICATED #1,,,
SELECTED N1 INDICATED #2,SELECTED N1 INDICATED #2,SELECTED N1 INDICATED #2,,,
SELECTED N2 ACTUAL #1,SELECTED N2 ACTUAL #1,SELECTED N2 ACTUAL #1,,,
SELECTED N2 ACTUAL #2,SELECTED N2 ACTUAL #2,SELECTED N2 ACTUAL #2,,,
SELECTED OIL PRESS #1,SELECTED OIL PRESS #1,SELECTED OIL PRESS #1,,,
SELECTED OIL PRESS #2,SELECTED OIL PRESS #2,SELECTED OIL PRESS #2,,,
SELECTED OIL TEMP #1,SELECTED OIL TEMP #1,SELECTED OIL TEMP #1,,,
SELECTED OIL TEMP #2,SELECTED OIL TEMP #2,SELECTED OIL TEMP #2,,,
SELECTED P0 #1,SELECTED P0 #1,SELECTED P0 #1,,,
SELECTED P0 #2,SELECTED P0 #2,SELECTED P0 #2,,,
SELECTED PS3 #1,SELECTED PS3 #1,SELECTED PS3 #1,,,
SELECTED PS3 #2,SELECTED PS3 #2,SELECTED PS3 #2,,,
SELECTED PT2 #1,SELECTED PT2 #1,SELECTED PT2 #1,,,
SELECTED PT2 #2,SELECTED PT2 #2,SELECTED PT2 #2,,,
SELECTED T25 (Comp) #1,SELECTED T25 (COMP) #1,SELECTED T25 (Comp) #1,,,
SELECTED T25 (Comp) #2,SELECTED T25 (COMP) #2,SELECTED T25 (Comp) #2,,,
SELECTED T3 #1,SELECTED T3 #1,SELECTED T3 #1,,,
SELECTED T3 #2,SELECTED T3 #2,SELECTED T3 #2,,,
SELECTED TAT #1,SELECTED TAT #1,SELECTED TAT #1,,,
SELECTED TAT #2,SELECTED TAT #2,SELECTED TAT #2,,,
SELECTED TRA FILTERED #1,SELECTED TRA FILTERED #1,SELECTED TRA FILTERED #1,,,
SELECTED TRA FILTERED #2,SELECTED TRA FILTERED #2,SELECTED TRA FILTERED #2,,,
SELECTED VBV POSITION #1,SELECTED VBV POSITION #1,SELECTED VBV POSITION #1,,,
SELECTED VBV POSITION #2,SELECTED VBV POSITION #2,SELECTED VBV POSITION #2,,,
SELECTED VERTICAL SPEED,SELECTED VERTICAL SPEED,SELECTED VERTICAL SPEED,,,
SELECTED VSV POSITION #1,SELECTED VSV POSITION #1,SELECTED VSV POSITION #1,,,
SELECTED VSV POSITION #2,SELECTED VSV POSITION #2,SELECTED VSV POSITION #2,,,
SENSITIVITY LEVEL CONTROL,SENSITIVITY LEVEL CONTROL,SENSITIVITY LEVEL CONTROL,,,
SET HEADING,SET HEADING,SET HEADING,,,
SHORT RUNWAY,SHORT RUNWAY,SHORT RUNWAY,,,
SINGLE CHANNEL,SINGLE CHANNEL,SINGLE CHANNEL,,,
SINK RATE,SINK RATE,SINK RATE,,,
SMOKE AFT CARGO,SMOKE AFT CARGO,SMOKE AFT CARGO,,,
SMOKE FWD CARGO,SMOKE FWD CARGO,SMOKE FWD CARGO,,,
SOLENOID ENGAGE SMYDC-1,SOLENOID ENGAGE SMYDC-1,SOLENOID ENGAGE SMYDC-1,,,
SOLENOID ENGAGE SMYDC-2,SOLENOID ENGAGE SMYDC-2,SOLENOID ENGAGE SMYDC-2,,,
SPARE ADR 270 12,SPARE ADR 270 12,SPARE ADR 270 12,,,
SPARE ADR 270 21,SPARE ADR 270 21,SPARE ADR 270 21,,,
SPARE ADR 270 29,SPARE ADR 270 29,SPARE ADR 270 29,,,
SPARE FMC01 057 12-11,SPARE FMC01 057 12-11,SPARE FMC01 057 12-11,,,
SPARE FMC01 057 17-16,SPARE FMC01 057 17-16,SPARE FMC01 057 17-16,,,
Spare or HUD Override Status,SPARE OR HUD OVERRIDE STATUS,Spare or HUD Override Status,,,
Spare or HUD Usage Status,SPARE OR HUD USAGE STATUS,Spare or HUD Usage Status,,,
SPD BRAKE HANDLE POSN,SPD BRAKE HANDLE POSN,SPD BRAKE HANDLE POSN,,,
SPD BRK DO NOT ARM LIGHT,SPD BRK DO NOT ARM LIGHT,SPD BRK DO NOT ARM LIGHT,,,
SPD PB LITE,SPD PB LITE,SPD PB LITE,,,
SPEED BRAKE ARMED LIGHT,SPEED BRAKE ARMED LIGHT,SPEED BRAKE ARMED LIGHT,,,
SPEED INTERVENTION ACTIVE,SPEED INTERVENTION ACTIVE,SPEED INTERVENTION ACTIVE,,,
SPEED REG #1,SPEED REG #1,SPEED REG #1,,,
SPEED REG #2,SPEED REG #2,SPEED REG #2,,,
SPI,SPI,SPI,,,
SPLIT LEFT NEEDLE,SPLIT LEFT NEEDLE,SPLIT LEFT NEEDLE,,,
SPLIT NEEDLE CW,SPLIT NEEDLE CW,SPLIT NEEDLE CW,,,
SPLIT RIGHT NEEDLE,SPLIT RIGHT NEEDLE,SPLIT RIGHT NEEDLE,,,
SPOILER POSITION NO. 10,SPOILER POSITION NO. 10,SPOILER POSITION NO. 10,,,
SPOILER POSITION NO. 3,SPOILER POSITION NO. 3,SPOILER POSITION NO. 3,,,
SPOILER POSITION NO. 4,SPOILER POSITION NO. 4,SPOILER POSITION NO. 4,,,
SPOILER POSITION NO. 9,SPOILER POSITION NO. 9,SPOILER POSITION NO. 9,,,
STALL MODE STATUS #1,STALL MODE STATUS #1,STALL MODE STATUS #1,,,
STALL MODE STATUS #2,STALL MODE STATUS #2,STALL MODE STATUS #2,,,
STATIC ADM DATA INVALID,STATIC ADM DATA INVALID,STATIC ADM DATA INVALID,,,
STBY HYD OIL PRESSURE,STBY HYD OIL PRESSURE,STBY HYD OIL PRESSURE,,,
STBY MODE - L,STBY MODE - L,STBY MODE - L,,,
STBY MODE - R,STBY MODE - R,STBY MODE - R,,,
STBY RUD VALVE POS,STBY RUD VALVE POS,STBY RUD VALVE POS,,,
STICK SHAKER - LEFT,STICK SHAKER - LEFT,STICK SHAKER - LEFT,,,
STICK SHAKER - RIGHT,STICK SHAKER - RIGHT,STICK SHAKER - RIGHT,,,
STICK SHAKER SPEED,STICK SHAKER SPEED,STICK SHAKER SPEED,,,
Subframe,SUBFRAME,Subframe,,,
Superframe,SUPERFRAME,Superframe,,,
SYNC WORD,SYNC WORD,SYNC WORD,,,
SYS PUSHBUTTON,SYS PUSHBUTTON,SYS PUSHBUTTON,,,
T.E. FLAP POSN-LEFT,TE_FLAPPSE_L,T.E. FLAP POSN-LEFT,numeric,V,
T.E. FLAP POSN-RIGHT,TE_FLAPPSE_R,T.E. FLAP POSN-RIGHT,numeric,V,
T/R FULL DEPLOY #1,T/R FULL DEPLOY #1,T/R FULL DEPLOY #1,,,
T/R FULL DEPLOY #2,T/R FULL DEPLOY #2,T/R FULL DEPLOY #2,,,
T/R INTRANSIT #1,T/R INTRANSIT #1,T/R INTRANSIT #1,,,
T/R INTRANSIT #2,T/R INTRANSIT #2,T/R INTRANSIT #2,,,
T/R POSN LEFT SLEEVE #1,T/R POSN LEFT SLEEVE #1,T/R POSN LEFT SLEEVE #1,,,
T/R POSN LEFT SLEEVE #2,T/R POSN LEFT SLEEVE #2,T/R POSN LEFT SLEEVE #2,,,
T/R POSN RIGHT SLEEVE #1,T/R POSN RIGHT SLEEVE #1,T/R POSN RIGHT SLEEVE #1,,,
T/R POSN RIGHT SLEEVE #2,T/R POSN RIGHT SLEEVE #2,T/R POSN RIGHT SLEEVE #2,,,
T/R SOL INTERLK ENERG #1,T/R SOL INTERLK ENERG #1,T/R SOL INTERLK ENERG #1,,,
T/R SOL INTERLK ENERG #2,T/R SOL INTERLK ENERG #2,T/R SOL INTERLK ENERG #2,,,
TAKEOFF BUMP,TAKEOFF BUMP,TAKEOFF BUMP,,,
TAKEOFF WARNING,TAKEOFF WARNING,TAKEOFF WARNING,,,
TARGET AIRSPEED,TARGET AIRSPEED,TARGET AIRSPEED,,,
TARGET N1 #1,TARGET N1 #1,TARGET N1 #1,,,
TARGET N1 #2,TARGET N1 #2,TARGET N1 #2,,,
TAT  HEAT,TAT  HEAT,TAT  HEAT,,,
TAT INHIBIT FLAG #1,TAT INHIBIT FLAG #1,TAT INHIBIT FLAG #1,,,
TAT INHIBIT FLAG #2,TAT INHIBIT FLAG #2,TAT INHIBIT FLAG #2,,,
TAT PROBE SIGNAL FAIL,TAT PROBE SIGNAL FAIL,TAT PROBE SIGNAL FAIL,,,
TCAS ADV ALT RATE,TCAS ADV ALT RATE,ADV ALT RATE,,,
TCAS COMPUTER UNIT,TCAS COMPUTER UNIT,TCAS COMPUTER UNIT,,,
TCAS REPLY INFO,TCAS REPLY INFO,RI FIELD,,,
TCAS SENSITIVITY LEVEL,TCAS SENSITIVITY LEVEL,TCAS SENSITIVITY LEVEL,,,
TCAS SYSTEM STATUS,TCAS SYSTEM STATUS,TCAS SYSTEM STATUS,,,
TE BYPASS VALVE POSN,TE BYPASS VALVE POSN,TE BYPASS VALVE POSN,,,
TE FLAP LOAD RELIEF,TE FLAP LOAD RELIEF,TE FLAP LOAD RELIEF,,,
TE FLAP SKEW 1 POSN,TE_FLAPSKW_1,TE FLAP SKEW 1 POSN,numeric,V,
TE FLAP SKEW 1 TO 8,TE_FLPSK1TO8,TE FLAP SKEW 1 TO 8,object,V,
TE FLAP SKEW 2 POSN,TE_FLAPSKW_2,TE FLAP SKEW 2 POSN,numeric,V,
TE FLAP SKEW 2 TO 7,TE_FLPSK2TO7,TE FLAP SKEW 2 TO 7,object,V,
TE FLAP SKEW 3 POSN,TE_FLAPSKW_3,TE FLAP SKEW 3 POSN,numeric,V,
TE FLAP SKEW 3 TO 6,TE_FLPSK3TO6,TE FLAP SKEW 3 TO 6,object,V,
TE FLAP SKEW 4 POSN,TE_FLAPSKW_4,TE FLAP SKEW 4 POSN,numeric,V,
TE FLAP SKEW 4 TO 5,TE_FLPSK4TO5,TE FLAP SKEW 4 TO 5,object,V,
TE FLAP SKEW 5 POSN,TE_FLAPSKW_5,TE FLAP SKEW 5 POSN,numeric,V,
TE FLAP SKEW 6 POSN,TE_FLAPSKW_6,TE FLAP SKEW 6 POSN,numeric,V,
TE FLAP SKEW 7 POSN,TE_FLAPSKW_7,TE FLAP SKEW 7 POSN,numeric,V,
TE FLAP SKEW 8 POSN,TE_FLAPSKW_8,TE FLAP SKEW 8 POSN,numeric,V,
TE FLAPS BYPASS RELAY,TE FLAPS BYPASS RELAY,TE FLAPS BYPASS RELAY,,,
TERRAIN,TERRAIN,TERRAIN,,,
TERRAIN AHEAD,TERRAIN AHEAD,TERRAIN AHEAD,,,
TERRAIN AHEAD PULL UP,TERRAIN AHEAD PULL UP,TERRAIN AHEAD PULL UP,,,
TERRAIN AWARE NOT AVAIL,TERRAIN AWARE NOT AVAIL,TERRAIN AWARE NOT AVAIL,,,
TERRAIN AWARENESS INOP,TERRAIN AWARENESS INOP,TERRAIN AWARENESS INOP,,,
TERRAIN CAUTION,TERRAIN CAUTION,TERRAIN CAUTION,,,
TERRAIN DISP SEL CAPT,TERRAIN DISP SEL CAPT,TERRAIN DISP SEL CAPT,,,
TERRAIN DISP SEL F/O,TERRAIN DISP SEL F/O,TERRAIN DISP SEL F/O,,,
TERRAIN OVERRIDE,TERRAIN OVERRIDE,TERRAIN OVERRIDE,,,
TERRAIN PULL UP,TERRAIN PULL UP,TERRAIN PULL UP,,,
TERRAIN WARNING,TERRAIN WARNING,TERRAIN WARNING,,,
TEST DISPLAY CMD FCC-L,TEST DISPLAY CMD FCC-L,TEST DISPLAY CMD FCC-L,,,
TEST DISPLAY CMD FCC-R,TEST DISPLAY CMD FCC-R,TEST DISPLAY CMD FCC-R,,,
TEST/TUNE INHIBIT G/S - L,TEST/TUNE INHIBIT G/S - L,TEST/TUNE INHIBIT G/S - L,,,
TEST/TUNE INHIBIT G/S - R,TEST/TUNE INHIBIT G/S - R,TEST/TUNE INHIBIT G/S - R,,,
TEST/TUNE INHIBIT LOC - L,TEST/TUNE INHIBIT LOC - L,TEST/TUNE INHIBIT LOC - L,,,
TEST/TUNE INHIBIT LOC - R,TEST/TUNE INHIBIT LOC - R,TEST/TUNE INHIBIT LOC - R,,,
TFC SELECTED CAPT,TFC SELECTED CAPT,TFC SELECTED CAPT,,,
TFC SELECTED F/O,TFC SELECTED F/O,TFC SELECTED F/O,,,
THR SERVO MOTOR TACH #1,THR SERVO MOTOR TACH #1,THR SERVO MOTOR TACH #1,,,
THR SERVO MOTOR TACH #2,THR SERVO MOTOR TACH #2,THR SERVO MOTOR TACH #2,,,
THR TORQUE #1,THR TORQUE #1,THR TORQUE #1,,,
THR TORQUE #2,THR TORQUE #2,THR TORQUE #2,,,
THROTTLE RATE CMD #1,THROTTLE RATE CMD #1,THROTTLE RATE CMD #1,,,
THROTTLE RATE CMD #2,THROTTLE RATE CMD #2,THROTTLE RATE CMD #2,,,
TN1 (LPT) VIB L,TN1 (LPT) VIB L,TN1 (LPT) VIB L,,,
TN1 (LPT) VIB R,TN1 (LPT) VIB R,TN1 (LPT) VIB R,,,
TN1 ACCELEROMETER SOURCE,TN1 ACCELEROMETER SOURCE,TN1 ACCELEROMETER SOURCE,,,
TN2 (HPT) VIB L,TN2 (HPT) VIB L,TN2 (HPT) VIB L,,,
TN2 (HPT) VIB R,TN2 (HPT) VIB R,TN2 (HPT) VIB R,,,
TN2 ACCELEROMETER SOURCE,TN2 ACCELEROMETER SOURCE,TN2 ACCELEROMETER SOURCE,,,
TO/GA,TO/GA,TO/GA,,,
TOGA SW PRESSED,TOGA SW PRESSED,TOGA SW PRESSED,,,
TOO LOW FLAP,TOO LOW FLAP,TOO LOW FLAP,,,
TOO LOW GEAR,TOO LOW GEAR,TOO LOW GEAR,,,
TOO LOW TERRAIN,TOO LOW TERRAIN,TOO LOW TERRAIN,,,
TOTAL AIR TEMP,TOTAL AIR TEMP,TOTAL AIR TEMP,,,
TOUCHDOWN or No AIII Annun,TOUCHDOWN OR NO AIII ANNUN,TOUCHDOWN or No AIII Annun,,,
TRACK ANGLE TRUE-FMC,TRACK ANGLE TRUE-FMC,TRACK ANGLE TRUE,,,
TRACK ANGLE TRUE-IRU,TRACK ANGLE TRUE-IRU,TRACK ANGLE TRUE,,,
TRIM DOWN - A/P,TRIMDOWN_A_P,TRIM DOWN - A/P,object,,V
TRIM DOWN MANUAL,TRIMDOWN_MAN,TRIM DOWN MANUAL,object,,V
TRIM UP - A/P,TRIMUP_A_P,TRIM UP - A/P,object,,V
TRIM UP MANUAL,TRIMUP_MAN,TRIM UP MANUAL,object,,V
TUNING INPUT BUS ACTIVITY - L,TUNING INPUT BUS ACTIVITY - L,TUNING INPUT BUS ACTIVITY - L,,,
TUNING INPUT BUS ACTIVITY - R,TUNING INPUT BUS ACTIVITY - R,TUNING INPUT BUS ACTIVITY - R,,,
UP ADVISORY,UP ADVISORY,UP ADVISORY,,,
V NAV PATH,V NAV PATH,V NAV PATH,,,
V NAV PB LITE,V NAV PB LITE,V NAV PB LITE,,,
V NAV SPD,V NAV SPD,V NAV SPD,,,
V/S ARM,V/S ARM,V/S ARM,,,
V/S ENGAGE,V/S ENGAGE,V/S ENGAGE,,,
V1 SPEED,V1 SPEED,V1 SPEED,,,
V2 SPEED,V2 SPEED,V2 SPEED,,,
VENDOR STATUS & DATA,VENDOR STATUS & DATA,VENDOR STATUS & DATA,,,
VERT SPD PB LITE,VERT SPD PB LITE,VERT SPD PB LITE,,,
VERT SPEED CMD,VERT SPEED CMD,VERT SPEED CMD,,,
VERTICAL ACCELERATION,VERTICAL ACCELERATION,VERTICAL ACCELERATION,,,
VERTICAL CONTROL,VERTICAL CONTROL,VERTICAL CONTROL,,,
VERTICAL DEV,VERTICAL DEV,VERTICAL DEV,,,
VERTICAL DEV (WIDE),VERTICAL DEV (WIDE),VERTICAL DEV (WIDE),,,
VERTICAL SPEED DEV,VERTICAL SPEED DEV,VERTICAL SPEED DEV,,,
VERTICAL SPEED>-12FT/SEC,VERTICAL SPEED>-12FT/SEC,VERTICAL SPEED>-12FT/SEC,,,
VHF CENTER KEYING,VHF CENTER KEYING,VHF CENTER KEYING,,,
VHF LEFT KEYING,VHF LEFT KEYING,VHF LEFT KEYING,,,
VHF RIGHT KEYING,VHF RIGHT KEYING,VHF RIGHT KEYING,,,
VISUAL ALTITUDE ALERT,VISUAL ALTITUDE ALERT,VISUAL ALTITUDE ALERT,,,
VMO/MMO ALTERNATE #1,VMO/MMO ALTERNATE #1,VMO/MMO ALTERNATE #1,,,
VMO/MMO ALTERNATE #2,VMO/MMO ALTERNATE #2,VMO/MMO ALTERNATE #2,,,
VMO/MMO ALTERNATE #3,VMO/MMO ALTERNATE #3,VMO/MMO ALTERNATE #3,,,
VMO/MMO ALTERNATE #4,VMO/MMO ALTERNATE #4,VMO/MMO ALTERNATE #4,,,
VOR FAILURE - L,VOR FAILURE - L,VOR FAILURE - L,,,
VOR FAILURE - R,VOR FAILURE - R,VOR FAILURE - R,,,
VOR FREQUENCY-LEFT,VOR FREQUENCY-LEFT,VOR FREQUENCY-LEFT,,,
VOR FREQUENCY-RIGHT,VOR FREQUENCY-RIGHT,VOR FREQUENCY-RIGHT,,,
VOR LEFT SELECTED CAPT,VOR LEFT SELECTED CAPT,VOR LEFT SELECTED CAPT,,,
VOR LEFT SELECTED F/O,VOR LEFT SELECTED F/O,VOR LEFT SELECTED F/O,,,
VOR MODE SELECTED CAPT,VOR MODE SELECTED CAPT,VOR MODE SELECTED CAPT,,,
VOR MODE SELECTED F/O,VOR MODE SELECTED F/O,VOR MODE SELECTED F/O,,,
VOR RIGHT SELECTED CAPT,VOR RIGHT SELECTED CAPT,VOR RIGHT SELECTED CAPT,,,
VOR RIGHT SELECTED F/O,VOR RIGHT SELECTED F/O,VOR RIGHT SELECTED F/O,,,
VOR/LOC ARM,VOR/LOC ARM,VOR/LOC ARM,,,
VOR/LOC ENGAGE,VOR/LOC ENGAGE,VOR/LOC ENGAGE,,,
VOR/LOC PB LITE,VOR/LOC PB LITE,VOR/LOC PB LITE,,,
VR SPEED,VR SPEED,VR SPEED,,,
VREF SPEED,VREF SPEED,VREF SPEED,,,
WAY POINT SELECTED CAPT,WAY POINT SELECTED CAPT,WAY POINT SELECTED CAPT,,,
WAY POINT SELECTED F/O,WAY POINT SELECTED F/O,WAY POINT SELECTED F/O,,,
WHEEL WELL FIRE,WHEEL WELL FIRE,WHEEL WELL FIRE,,,
WIND DIRECTION TRUE,WIND DIRECTION TRUE,WIND DIRECTION TRUE,,,
WIND DIRECTION TRUE-FMC,WIND DIRECTION TRUE-FMC,WIND DIRECTION TRUE,,,
WIND SPEED,WIND SPEED,WIND SPEED,,,
WIND SPEED-FMC,WIND SPEED-FMC,WIND SPEED,,,
WINDSHEAR,WINDSHEAR,WINDSHEAR,,,
WINDSHEAR CAUTION,WINDSHEAR CAUTION,WINDSHEAR CAUTION,,,
WINDSHEAR INOP,WINDSHEAR INOP,WINDSHEAR INOP,,,
WINDSHEAR WARNING,WINDSHEAR WARNING,WINDSHEAR WARNING,,,
WING ANTI-ICE SWITCH,WING ANTI-ICE SWITCH,WING ANTI-ICE SWITCH,,,
WING TAI CONFIG CODE #1,WING TAI CONFIG CODE #1,WING TAI CONFIG CODE #1,,,
WING TAI CONFIG CODE #2,WING TAI CONFIG CODE #2,WING TAI CONFIG CODE #2,,,
WXR SELECTED CAPT,WXR SELECTED CAPT,WXR SELECTED CAPT,,,
WXR SELECTED F/O,WXR SELECTED F/O,WXR SELECTED F/O,,,
YAW DAMPER ENGAGE-1,YAW DAMPER ENGAGE-1,YAW DAMPER ENGAGE,,,
YAW DAMPER ENGAGE-2,YAW DAMPER ENGAGE-2,YAW DAMPER ENGAGE,,,
YAW TRIM CMD LEFT,YAW TRIM CMD LEFT,YAW TRIM CMD LEFT (sw 9 & later),,,
YAW TRIM CMD RIGHT,YAW TRIM CMD RIGHT,YAW TRIM CMD RIGHT (sw 9 & later),,,
YEAR,YEAR,YEAR,,,
